gsis_player_id,target,position_group,height,weight,forty_yd_dash,bench_reps_of_225,standing_vertical,three_cone,twenty_yard_shuttle,standing_broad_jump,hand_size,arm_length,wingspan,speed_max_max,speed_mean_mean,speed_std_mean,speed_p50_mean,speed_p75_max,speed_p95_max,accel_max_max,accel_mean_mean,accel_std_mean,accel_p95_max,total_distance_sum,avg_distance_per_frame_mean,dir_change_avg_mean,dir_change_max_max,total_frames_sum,work_efficiency,speed_consistency,intensity_ratio,height_zscore,weight_zscore,forty_yd_dash_zscore,bench_reps_of_225_zscore,standing_vertical_zscore,three_cone_zscore,twenty_yard_shuttle_zscore,standing_broad_jump_zscore,forty_yd_dash_elite,three_cone_elite,twenty_yard_shuttle_elite,standing_vertical_elite,bench_reps_of_225_elite,standing_broad_jump_elite,pos_DB,pos_SKILL,pos_OL,pos_DL,pos_LB,composite_explosiveness,composite_agility,composite_size_weight_speed,int_DB_forty_yd_dash,int_DB_three_cone,int_SKILL_forty_yd_dash,int_SKILL_standing_vertical,int_OL_weight,int_OL_bench_reps_of_225,int_DL_weight,int_LB_twenty_yard_shuttle,receiving_yards,rushing_yards,receiving_touchdowns,rushing_touchdowns,passing_yards,passing_touchdowns,defense_total_tackles,defense_sacks,defense_interceptions,seasons_played,receiving_yards_per_season,rushing_yards_per_season,defense_total_tackles_per_season,production_score
304792,0.0,UNKNOWN,73.625,208.0,4.65,,34.5,6.85,4.18,123.0,9.0,32.0,75.5,9.0713297526,0.558236292244501,0.9125060779978912,0.2258096734683333,0.6465849081666667,2.52004257838,6.470725927123467,0.4150545836696075,0.5490486436871151,1.24083612601682,8962.510508883428,0.0145871820264699,103.02454647742115,103.02454647742115,614410,0.0145871820264699,0.6117617248855094,4.514293702130442,-0.0561077712520486,-0.6437439243032651,-0.3988885562123688,,0.3256606946791527,-1.0646459173031086,-1.106543039445601,0.7380382564339382,0,1,1,1,0,1,0,0,0,0,0,0.5318494755565455,1.0855944783743547,-0.7178096495047454,-0.0,-0.0,-0.0,0.0,-0.0,,-0.0,-0.0,,,,,,,,,,,,,,0.0
305581,1.0,SKILL,74.5,243.0,4.52,13.0,35.5,7.19,4.45,110.0,9.75,32.75,78.125,8.7558256785,0.7840551810470378,1.0899758555013253,0.329465250175,1.2211600939433334,3.15727297465,6.502857654046308,0.4509621391716932,0.5369891413353699,1.4793316323143275,29780.947618259463,0.0302172647877577,101.88317327534055,101.94087158746464,1027704,0.0289781373024328,0.7193326137361256,4.026850470439767,0.5048317446572398,1.1472817823827457,-0.198533500309835,-0.99299892235334,0.3642618727374106,0.6061376444160279,0.8706049727083005,-1.6197224464990485,1,0,0,1,0,0,0,1,0,0,0,-0.045670941820831,0.1228020581269007,0.4877973743412209,-0.0,-0.0,-0.8313610575863867,0.5589353766833686,0.0,-0.0,0.0,-0.0,,,,,,,,,,,,,,0.0
305396,0.0,UNKNOWN,71.125,203.0,4.6,11.0,34.0,7.06,4.25,110.0,9.5,31.875,76.0,9.2835629781,0.6646735397636179,1.081793674177773,0.1965772211551666,0.9485222498566668,2.8957894643133333,8.447202598108762,0.4085375311454663,0.5166935045263089,1.2802048635140306,15414.277068424042,0.0154661428200262,103.22416743936977,103.37530165039304,1039320,0.0148311175272524,0.6144180314872048,4.356709408566469,-0.9626525469401248,-0.7464394914168933,-0.5652241336639156,-1.4438928904510675,0.2090233536770449,-0.5341274432571521,-0.83000410694152,-0.6502772603250306,0,1,1,1,0,0,0,0,0,0,0,-0.2206269533239928,0.6820657750993361,-0.7980173701193148,-0.0,-0.0,-0.0,0.0,-0.0,-0.0,-0.0,-0.0,,,,,,,,,,,,,,0.0
304628,0.0,UNKNOWN,78.125,253.0,4.64,,35.0,7.16,4.35,120.0,9.5,,80.0,8.4789943695,0.8259578406389172,1.0686115287322024,0.34791624546,1.2752256393433334,2.987003008523333,6.261244249196548,0.467747818691025,0.5644267052947425,1.3625369697503709,19676.73770577841,0.0377911877115609,102.85186941150924,102.85186941150924,520670,0.0377911877115609,0.7729261929438765,3.6164109855930975,1.5756728249864882,0.2805161797193879,-0.4321556717026799,,0.4422980356812607,-0.2814995984733619,-0.4349484890785502,0.4176577525664838,0,0,0,1,0,1,0,0,0,0,0,0.4299778941238722,0.358224043775956,0.5899081981471329,-0.0,-0.0,-0.0,0.0,0.0,,0.0,-0.0,,,,,,,,,,,,,,0.0
305338,0.0,LB,73.125,231.0,4.6,19.0,36.0,6.93,4.23,122.0,10.0,31.5,75.625,9.519910812366666,0.8256956101694587,1.0963612159278764,0.39059774081,1.0606176058466663,3.290015856423333,7.322642981420779,0.5157507442480811,0.5603332954357061,1.5435418379459311,27235.48864314853,0.0266253782494401,104.51541655028502,104.6509293230468,988500,0.0275523405595837,0.7531236951597681,3.9845383890900408,0.3940302305156297,-0.2617119612951068,-1.2477005877840943,-0.8475793795260135,0.1548225999432361,-0.5472216888217636,-0.3297353058652579,0.4923659639173309,1,1,1,1,0,1,0,0,0,0,1,0.6534087364151315,0.885779435995095,0.014670974162174,-0.0,-0.0,-0.0,0.0,-0.0,-0.0,-0.0,-0.9090152305141126,,,,,,,,,,,,,,0.0
325018,0.0,OL,80.0,314.0,5.28,19.0,32.0,7.75,4.77,108.0,10.125,32.875,79.75,4.1963186264,0.2529881205619115,0.3942683385180368,0.1039194787541666,0.51645465692,1.82402086258,4.0168962294779735,0.2094943621409934,0.2132797491301347,0.8414944930593671,34027.44108036785,0.1768859314340509,102.62963349574464,102.67638730346376,601806,0.0565422097492677,0.6416648151683576,7.20990716294769,1.9427762292472608,0.7393051494605704,0.6241363126178856,-1.3887301496588271,1.2264538250702832,-0.0421547550483928,0.3146576825987405,0.1979371225354454,0,1,0,1,0,1,0,0,1,0,0,-0.56069513661736,-1.2166448958484604,1.2499748481268405,0.0,0.0,0.0,-0.0,1.5334020985056511,-0.0985790326813979,0.0,0.0,,,,,,,,,,,,,,0.0
283943,0.0,DL,76.0,300.0,4.98,22.0,32.0,7.45,4.29,116.0,9.5,32.125,79.25,6.731667200733334,0.7286571535811505,0.8957407870635657,0.3846970399233333,0.9481728871666668,2.759980519613333,6.028672683274806,0.4549060318005589,0.4940861881739327,1.3086223254891216,4467.787018858861,0.0121678387135978,103.0385486848573,103.0385486848573,367180,0.0121678387135978,0.8134687669742583,3.787762881416568,0.6278174352233427,0.2189805944290743,-0.03074515692119,-0.2716302943497962,0.0474273900449745,0.3871514328647588,-0.7765465735127031,0.58508647263027,0,0,1,1,0,1,0,0,0,1,0,-0.1335211314607542,0.1104303541983527,1.352949069500065,0.0,0.0,0.0,-0.0,0.0,0.0,1.2458545105874923,-0.0,,,,,,,,,,,,,,0.0
280351,0.0,UNKNOWN,76.125,207.0,,,34.0,,,126.0,9.375,33.5,79.5,5.9577929179,0.5563747036433654,0.7096538386243548,0.244051218033,0.8207821846,2.02562936147,3.756987301181831,0.3551874579746716,0.3086227371090622,0.9226755458339796,17939.435805440386,0.0388610701328778,103.24923748855518,103.24923748855518,461630,0.0388610701328778,0.7840085875134319,3.640764664901844,0.8504370044360274,-0.6642830377259907,,,0.2090233536770449,,,1.0584187603013924,0,0,0,1,0,1,0,0,0,0,0,0.6337210569892187,,,,,,0.0,-0.0,,-0.0,,,,,,,,,,,,,,,0.0
278868,0.0,OL,76.875,305.0,4.96,21.0,22.5,7.4,4.65,107.0,10.25,33.875,82.625,5.1979967753,1.0391373772256527,0.3754184272259827,0.8843652407323334,1.6101113955166666,1.9159784317,4.272838714767986,0.3436152501642526,0.2644161820302784,1.0679767390492942,15258.170027158296,0.0221155114723159,54.998713950397054,104.2406342499958,581036,0.0262602834026777,2.7679445170126,1.843816297721276,0.1061180293286327,-0.4348853820356256,-1.228969440309447,-0.4629100498862757,-1.6076489328623984,-0.95010332532145,-0.4083855029473068,0.0659790408451484,1,1,1,0,0,1,0,0,1,0,0,-1.7221466267819607,-0.5375127967590491,1.51997015102688,0.0,0.0,0.0,-0.0,1.3485500777011206,0.2377494317610195,0.0,0.0,,,,,,,,,,,,,,0.0
385329,0.0,UNKNOWN,,,,,,,,,,,,8.289442062366666,0.6594679630195632,0.8724419878608514,0.3260473608971667,0.99230058988,2.769248962403333,6.1068581460685385,0.4861355615134773,0.4776585274118295,1.2945834240392746,16832.837018182447,0.0249043370373109,104.4734309274384,104.66399749052584,1001160,0.0168133335512629,0.7558874655225144,4.199216819758055,,,,,,,,,0,0,0,0,0,0,0,0,0,0,0,,,,,,,,,,,,,,,,,,,,,,,,,0.0
283344,0.0,UNKNOWN,77.625,322.0,5.38,26.0,29.5,8.5,5.16,98.0,10.5,34.25,81.75,4.749619166066666,0.3995372965332935,0.6338643886329437,0.1271675527096666,0.4181297620133333,1.65891456604,4.649385476814033,0.3102052964846137,0.3272012525019643,0.8549931865832207,13503.023791148536,0.023139446133405,104.28293555126822,104.28293555126822,583550,0.023139446133405,0.6303198344916903,4.1520893804760535,1.394363869848873,1.6977150058874562,2.0296108745801766,1.0785705928670632,-0.840712715341926,3.103713521629408,2.7650020156115187,-1.931799275794848,0,0,0,0,1,0,0,0,0,0,0,-1.386255995568387,-2.934357768620464,1.3009239948976543,0.0,0.0,0.0,-0.0,0.0,0.0,0.0,0.0,,,,,,,,,,,,,,0.0
281160,0.0,UNKNOWN,76.0,254.0,4.89,23.0,31.0,8.13,4.99,110.0,10.375,34.125,82.0,7.562568664566666,0.6332237568695598,0.9156362848719471,0.2446969151496666,0.81316502889,2.695245424906666,6.480666847227267,0.398406827129048,0.5203067521130931,1.1911895228660423,6601.452862473189,0.0124138795413012,101.57519002662994,101.57519002662994,531780,0.0124138795413012,0.6915669107173018,4.256387091714676,0.8051097656516236,0.3010552931421136,0.3995222155550417,0.574077896203437,-0.4908006923356024,2.168990495929392,2.093407465244468,-0.6502772603250306,0,0,0,0,1,0,0,0,0,0,0,-0.5705389763303166,-2.1311989805869294,0.2450276396717026,0.0,0.0,0.0,-0.0,0.0,0.0,0.0,0.0,,,,,,,,,,,,,,0.0
194670,1.0,DB,71.75,177.0,4.52,11.0,35.0,6.9,4.13,124.0,8.875,31.25,74.0,6.821298599233334,1.727179271342851,1.1312166668995534,1.5382498105366669,1.6341627438866666,4.2921778361,5.807109651905697,0.5733236362257706,0.7669314477543376,1.6906601742868403,167.13233703867857,0.0377956438350697,78.46709108175564,78.46709108175564,4422,0.0377956438350697,1.5268332954081347,2.485079520878517,0.0042272273297482,-1.5250819534435405,0.5601120336111988,-0.5897678246195885,-0.8226509496295772,-0.5212061211072602,-1.2364996976388318,-0.1535972929306427,0,1,1,1,0,1,1,0,0,0,0,0.6435648967021752,1.121201421644149,-1.461729974930747,-0.8313610575863867,-0.9383319949112124,-0.0,0.0,-0.0,-0.0,-0.0,-0.0,,,,,,,,,,,,,,0.0
304761,0.0,UNKNOWN,75.375,296.0,5.18,25.0,29.0,7.5,4.66,111.0,9.25,32.625,76.0,5.8338801066,0.4638129171299452,0.6502705180184418,0.2087428768476666,0.50862089793,1.7429545720433337,4.515922445707631,0.370114878865468,0.3560662118543615,0.9428285508382692,24301.612646845504,0.0423314044154917,102.67686275380052,102.67686275380052,574080,0.0423314044154917,0.7132614877625305,3.757882774866778,0.5784735717296046,1.1636980568965898,1.364268564773999,0.9104063606458545,-0.957350056344034,0.5774350737915198,0.7897239262966627,-0.5434837590358792,0,0,0,0,1,0,0,0,0,0,0,-0.7504169076899565,-0.6835795000440912,0.9393112842375424,0.0,0.0,0.0,-0.0,0.0,0.0,0.0,0.0,,,,,,,,,,,,,,0.0
279792,0.0,SKILL,70.75,209.0,4.43,13.0,30.0,7.16,4.53,115.0,8.5,30.125,72.375,9.372674306233334,0.564005414594387,1.04294189418311,0.132523794969,0.56448173523,2.625446160633333,7.295284822513986,0.3496575425820716,0.490642495021444,0.9286507344659428,15839.898258558009,0.0222149736876504,104.3363204543567,104.3363204543567,713028,0.0222149736876504,0.5407831613055945,4.6550016944810055,-0.8236728465460254,-0.2359657566602815,-0.7018578672925041,-0.99299892235334,-1.305271710642384,0.4552649556312522,1.5192910308046843,-0.8727630658320114,1,0,0,0,0,0,0,1,0,0,0,-0.4201925641095457,0.0026739876992807,-0.3910835337494079,-0.0,-0.0,-1.130765096999166,-0.7240753743398182,-0.0,-0.0,-0.0,0.0,,,,,,,,,,,,,,0.0
282480,1.0,DB,71.0,188.0,4.47,12.0,37.0,6.84,4.25,125.0,8.625,30.875,74.375,9.5414721171,0.8299281560617011,1.0956262010662976,0.4438624382016666,1.18927526474,2.90263303121,8.091990598113345,0.4395523219103504,0.5739028048627027,1.4025616824850111,34096.053821658235,0.0414586666631275,105.69728372711997,106.24530803314389,946020,0.0360415782136299,0.7574920673255068,3.497450966098086,-0.6298568721312683,-0.3654574266316319,0.0350070021006964,-0.2948839123097942,-0.0976026550407964,-0.8891163242418038,-0.2566320127174913,-0.0191996616163298,1,1,0,1,1,1,1,0,0,0,0,0.9302363293509666,0.9599564043615034,-1.0746924288428237,-0.9976966350379304,-1.0899087017814868,-0.0,0.0,-0.0,-0.0,-0.0,-0.0,,,,,,,,,,,,,,0.0
300840,0.0,UNKNOWN,71.625,215.0,4.64,18.0,36.5,7.03,4.21,118.0,10.0,31.625,76.375,8.133316675833333,0.559974724323663,0.9775559300062856,0.1537844439346666,0.6466630697266667,2.63093805313,5.222568141037682,0.3763057404314641,0.5320286920703443,1.1769298518637714,18792.21034412312,0.0309301156148643,103.7922230844849,103.7922230844849,607570,0.0309301156148643,0.5728313921844476,4.698315725424294,-0.7813435918025095,-0.4999701303441857,-0.4321556717026799,-0.2667432649026067,0.7922100586875843,-0.6099157966922871,-0.9880263540867088,0.2040707499881809,0,1,1,1,1,1,0,0,0,0,0,0.4981404043378826,0.7989710753894979,-0.5035179300887382,-0.0,-0.0,-0.0,0.0,-0.0,-0.0,-0.0,-0.0,,,,,,,,,,,,,,0.0
305925,0.0,LB,70.375,226.0,,19.0,,7.47,,,9.375,30.125,74.25,8.464786529533333,0.6322975343948984,0.8820712705482003,0.2884779473145,0.9266784985866666,2.881677309673333,8.500474598031849,0.4061447039166752,0.4521264097684222,1.3903976155520703,23191.59098517608,0.0286221549399765,103.98767514368032,104.7504313346006,852666,0.0271989160881002,0.716832704461546,4.557470420046895,-1.463540856200925,-0.915991864532874,,-0.8475793795260135,,1.3592280657830762,,,0,0,0,0,0,0,0,0,0,0,1,,,,,0.0,,,-0.0,-0.0,-0.0,,,,,,,,,,,,,,,0.0
305056,0.0,UNKNOWN,74.375,232.0,4.57,,39.5,7.19,4.25,127.0,11.0,31.25,74.125,8.906997680666667,0.7256316577467712,1.0525278015074944,0.2974811395009999,0.93395280838,3.07279809316,8.255306753025135,0.4425348374391357,0.57048898188626,1.463671768870633,18910.83909415248,0.0196801661078904,103.8811847931519,104.06462138650288,994398,0.0190173744256851,0.6894180435970217,4.234652747513307,0.2158556614543741,-0.1508052021578501,-0.66502548013484,,1.4920341047002317,-0.2057112450382246,-0.83000410694152,1.1652122615905438,0,0,1,1,0,1,0,0,0,0,0,1.3286231831453876,0.5178576759898723,0.0878993002763147,-0.0,-0.0,-0.0,0.0,-0.0,,-0.0,-0.0,,,,,,,,,,,,,,0.0
305878,1.0,SKILL,74.375,183.0,4.28,,38.5,7.25,4.39,131.0,8.25,33.375,79.375,9.274608612066666,0.844885668984567,1.1659726503207644,0.3222967584925,1.2024011611933334,3.2148364384966666,8.384615694717613,0.4814510784694819,0.6400193159410865,1.829676249512176,28863.99776061553,0.029035671528632,104.03697773126504,104.60641897016473,1069098,0.0269984582897129,0.7246187710767787,3.805054999169823,0.4605482582837976,-1.293743286516714,-1.540731812263617,,1.2749165545809351,0.907883021985575,0.3840904291360087,1.517506952302508,1,0,0,1,0,1,0,1,0,0,0,1.4255728447215827,0.1655303900506569,-0.9813876373871024,-0.0,-0.0,-1.6297718293537973,1.258759422696016,-0.0,,-0.0,-0.0,,,,,,,,,,,,,,0.0
281642,0.0,UNKNOWN,69.5,193.0,,,,,,,9.5,30.0,72.75,5.6360168457,0.8308595330674464,0.539018842439877,0.6307788160113333,1.4518938064566669,2.6224376360566666,3.327407378863824,0.332503885517547,0.2594416647770143,1.0867838804102177,26303.93928320465,0.0594185152293571,95.11992523960896,104.712642708566,435172,0.0604449258757563,1.5414294782470834,3.156294814810515,-1.551906651137374,-0.9518306256441496,,,,,,,0,0,0,0,0,0,0,0,0,0,0,,,,,,,,-0.0,,-0.0,,,,,,,,,,,,,,,0.0
305682,0.0,SKILL,71.25,181.0,4.58,,33.5,6.75,4.09,124.0,8.625,29.625,72.125,9.930434544866666,0.594443090877879,0.7673950123067617,0.3520861268036667,1.05866098404,3.248864809673333,6.7595454634000856,0.4071870553126532,0.4105543194207081,1.4606469208610704,14566.50877752429,0.0160763799902525,103.90071467967527,105.26338604608428,642236,0.022680928471036,0.7746246474693712,5.465392498507098,-0.6465389010522568,-1.3751107888133625,0.1370160776786142,,-0.2428412484916056,-1.6066617910940002,-2.048482288725428,0.4717638193686558,0,1,1,0,0,1,0,1,0,0,0,0.4686088851990133,1.3896834288045854,-1.4136173838709056,-0.0,-0.0,-0.6317583646445318,0.092386012674937,-0.0,,-0.0,-0.0,,,,,,,,,,,,,,0.0
280574,0.0,UNKNOWN,73.875,296.0,4.89,21.0,31.0,,4.87,113.0,,,,5.5964056650666665,0.4995548942582534,0.7425252747398902,0.1922432333231666,0.7471629778533333,2.45303551356,5.4919245222854105,0.3392067991409631,0.3927815937254105,0.9990871441601612,13630.407606139495,0.0241225370327562,104.76275701846308,105.30425247265288,932988,0.0146094136324791,0.6727783029786423,4.910442359297278,0.0345467063167589,1.1636980568965898,0.3995222155550417,0.2377494317610195,-0.4908006923356024,,1.619340723808902,-0.3298967564575762,0,0,0,0,1,0,0,0,0,0,0,-0.4103487243965893,,1.3917657941793256,0.0,,0.0,-0.0,0.0,0.0,0.0,0.0,,,,,,,,,,,,,,0.0
308045,0.0,UNKNOWN,72.625,177.0,4.56,,33.5,7.09,4.21,118.0,9.75,32.0,76.5,8.7271639506,0.7624341715678964,1.1159907995009166,0.3234160542486666,1.0153933366133334,3.00570011139,6.673693350063324,0.4122905306288246,0.6168363030230944,1.3178008696668155,15912.219374546165,0.0268891957594101,100.8934405144837,100.8934405144837,591770,0.0268891957594101,0.6831903738891623,3.942242128535468,-0.418725681527279,-1.2804564404077594,-0.6982925956251511,,0.092386012674937,-0.4583390898220148,-0.9880263540867088,0.2040707499881809,0,1,1,0,0,1,0,0,0,0,0,0.1482283813315589,0.7231827219543617,-1.5075920616959169,-0.0,-0.0,-0.0,0.0,-0.0,,-0.0,-0.0,,,,,,,,,,,,,,0.0
281256,0.0,SKILL,73.875,217.0,4.91,,31.0,7.0,4.28,112.0,8.625,31.0,74.875,8.422164281199999,0.6295552120811798,0.7888665987210768,0.3569591244066666,0.8625890413933334,1.85937277476,7.096092678112469,0.487464248533905,0.4285829235551402,1.2052531091261138,26324.028177775726,0.0338593405371213,104.4447936978273,105.26147184641428,1035828,0.025413512839753,0.7980502826483272,2.953470544089845,0.2834143127900289,0.089504252526313,1.9825387566150705,,-1.001720150027876,-0.3493893845542126,-0.507852900746514,-1.3209386942322336,0,1,0,0,0,0,0,1,0,0,0,-0.463745475041165,0.698595785855026,-0.7893277289635565,0.0,-0.0,0.466056446535661,-0.4908006923356024,-0.0,,-0.0,-0.0,,,,,,,,,,,,,,0.0
348606,0.0,SKILL,73.5,184.0,4.57,,36.0,,,117.0,,,,8.8158861796,0.8330649756997381,1.162580550197815,0.3315387070186666,1.3427394231166667,3.4739767710333336,7.608788757330303,0.4617052174914025,0.5771690855057826,1.6884593369343024,34674.00101551832,0.0424845708762694,103.37225456131824,104.16896109021714,1078872,0.0321391240253879,0.716565381691609,4.170115023879554,0.1505638536697023,-1.2530595353683895,0.0810911480138743,,0.5160376530446648,,,-0.5739793135651964,0,0,0,1,0,0,0,1,0,0,0,0.386424983192253,,-1.3144263203657052,-0.0,,-0.66502548013484,0.6755727176854764,-0.0,,-0.0,,,,,,,,,,,,,,,0.0
304899,0.0,UNKNOWN,77.75,312.0,5.25,26.0,24.0,7.6,4.81,98.0,10.625,33.875,81.125,6.232837041233334,1.053773577586364,0.3679004206488131,0.8980544904865,1.677219549813333,1.7930275599166663,4.003007175257626,0.2761896617109789,0.2332583903806895,0.905236997479748,98685.32033343495,0.1014659161504394,55.483116122712495,102.18421571897105,537564,0.1835787372916247,2.864290222142108,1.701530194013349,1.4396911086332769,1.4923238716602,1.597138373206162,1.0785705928670632,-2.1237234663651128,0.8300629185753077,1.3823073530911174,-1.931799275794848,0,0,0,0,1,0,0,0,0,0,0,-2.0277613710799804,-1.1061851358332129,1.2444840502534489,0.0,0.0,0.0,-0.0,0.0,0.0,0.0,0.0,,,,,,,,,,,,,,0.0
300785,0.0,UNKNOWN,72.375,180.0,4.68,14.0,35.0,6.97,4.37,122.0,9.0,31.125,73.75,8.336898167933333,1.0618646037151664,1.367293926910392,0.4760144154233333,1.4435793558766663,4.010009447733333,8.346377220379301,0.52115388961815,0.7166638939643986,1.7664444493062903,18252.93926016586,0.1491131383070489,103.25140360998245,103.25140360998245,122410,0.1491131383070489,0.7766176553673508,3.7763848928605728,-0.5093801590960867,-1.2188391001395826,-0.2990872097414443,-0.9394001937874416,0.4422980356812607,-0.7614925035625617,-0.3559373655059541,0.6312447551447867,0,1,0,1,0,1,0,0,0,0,0,0.5367713954130238,0.5587149345342579,-1.5548892072386142,-0.0,-0.0,-0.0,0.0,-0.0,-0.0,-0.0,-0.0,,,,,,,,,,,,,,0.0
300890,1.0,DL,75.375,289.0,,22.0,37.5,7.02,4.07,119.0,9.375,33.125,82.125,6.846098581933333,0.7421646446406152,0.92643561413083,0.3466723759966666,0.9880390167233334,2.954520861306667,5.908501356851143,0.5011300280248435,0.5129842513603923,1.3568852621170595,6142.4281746621255,0.0162739194962434,103.69177594472896,103.69177594472896,377440,0.0162739194962434,0.8010968418316955,3.980950699608387,0.0845138855108393,-0.0952089540995967,,-0.2716302943497962,1.090829971034414,-0.9314633483775926,-1.4916917900499822,0.8440591736305537,0,1,1,1,0,1,0,0,0,1,0,0.6681744959845662,1.0881414001327674,,,-0.0,,0.0,0.0,0.0,1.0199242629375105,-0.0,,,,,,,,,,,,,,0.0
300415,0.0,UNKNOWN,70.625,237.0,5.33,25.0,28.5,7.56,4.7,106.0,9.375,29.625,72.5,7.359532674166666,0.6006482831135047,0.6506309814778704,0.3941477735833333,0.8634003003433333,1.7045172055566666,4.720581501516357,0.4677799314989973,0.390481749913929,1.2471441653207809,15667.776635385895,0.0208489912731501,95.03856153961924,100.02030465724602,546058,0.0286925136805722,0.9231781151109144,2.837795850711794,-1.1439615020777398,-0.048109635044222,1.863275297128633,0.9104063606458545,-1.0739873973461418,0.7290117806617921,0.9477461734418512,-1.0774512654816364,0,0,0,0,1,0,0,0,0,0,0,-1.075719331413889,-0.8383789770518217,-0.7533097092606252,0.0,0.0,0.0,-0.0,-0.0,0.0,-0.0,0.0,,,,,,,,,,,,,,0.0
324892,1.0,DB,70.0,183.0,4.53,17.0,34.5,7.03,4.14,111.0,8.75,29.625,73.0,6.021498362233333,0.4523379303401094,0.6706246373195087,0.1548124700785,0.5994631449366666,2.1545071601866668,4.892847048527171,0.284370654564776,0.2696082113141068,0.7558779021809238,4896.108268808462,0.0069853201083634,104.5518579109428,104.86764729075249,638610,0.0076668205458863,0.6745024044271728,4.763047747436766,-1.4753023380792902,-0.8925594842734085,0.6651330399133066,1.179535649239177,-1.0039130232767723,0.2759326523509104,-1.154844057228722,-1.9007665000167104,0,0,1,0,1,0,1,0,0,0,0,-0.1089115321783632,0.9372405416415384,-1.2964329038756792,-0.7980939420960755,-0.6099157966922871,-0.0,0.0,-0.0,-0.0,-0.0,-0.0,,,,,,,,,,,,,,0.0
305122,0.0,UNKNOWN,78.5,328.0,5.29,18.0,27.5,8.01,5.0,104.0,9.875,36.125,86.375,4.492056846633333,0.5740714937559322,0.712436828456815,0.2648286819456666,0.8567420641566666,2.045304139456667,4.221016520393487,0.3895345300491543,0.3618726717423421,1.0556185721790867,2692.214464932406,0.009824237751452,102.65609400403883,102.65609400403883,274038,0.009824237751452,0.8057858196345756,3.562803869732352,1.7116545413396995,1.8209496864238093,1.7302068351673976,-0.2667432649026067,-1.3072620793503575,1.8658370821888424,2.132913027030764,-1.2910382680599393,0,0,0,0,1,0,0,0,0,0,0,-1.2991501737051483,-1.9993750546098032,1.588308187390462,0.0,0.0,0.0,-0.0,0.0,-0.0,0.0,0.0,,,,,,,,,,,,,,0.0
278802,0.0,SKILL,75.0,226.0,4.5,19.0,39.0,7.15,4.41,127.0,9.5,31.875,77.25,9.045669555666668,0.623413354203132,1.057507640324367,0.1792320807773333,0.7193159262333334,2.72642803192,7.10778577075839,0.3746689635038877,0.5859788859262512,1.1523156467348392,8629.080970007151,0.0148705469256344,104.09684602566364,104.09684602566364,580280,0.0148705469256344,0.5895119150268398,4.373387277539173,0.6819656901510084,0.4556580128612319,-0.3103833596393148,-0.071659716046117,1.426692334888189,0.4049740593696617,0.5462619436601084,0.919939447768878,1,0,0,1,1,1,0,1,0,0,0,1.2703045126443335,0.2523387506562529,0.0153159649116034,-0.0,-0.0,-0.897895288567003,1.3753967636981237,-0.0,-0.0,-0.0,-0.0,,,,,,,,,,,,,,0.0
281884,0.0,LB,74.5,234.0,4.86,20.0,36.5,6.88,4.32,119.0,9.125,30.75,76.625,6.949189504,0.7131027976557162,1.003438287207277,0.3197989662486666,0.8358976046233333,3.1396287282300004,6.963448106103026,0.4795520703513112,0.5850388293172155,1.5105475299542614,6057.988460055446,0.0154631249459005,105.03574823116637,105.03574823116637,391770,0.0154631249459005,0.7106593467151737,4.402771575923341,1.3228157738739073,0.1308559806475534,1.4556506857480946,-0.3390317518104058,0.348350849872282,-0.723744814248137,0.240960415824615,-0.2461829819586654,0,1,1,1,1,1,0,0,0,0,1,0.5515371549824584,0.7711613691527052,-0.2616000635102377,0.0,-0.0,0.0,0.0,-0.0,0.0,-0.0,-0.553465174437439,,,,,,,,,,,,,,0.0
279337,1.0,DB,70.0,192.0,4.58,18.0,37.5,6.82,4.35,119.0,9.0,31.75,79.125,8.515777587899999,1.1499628969532258,0.6608605361164525,0.912690262,1.3682095209766667,3.6752929687333338,7.187900907068571,0.3702687625659338,0.423040208535911,1.7085345423598417,23676.72048994081,0.0345826645577004,65.72071064844693,104.0477098348267,443844,0.0533446897782572,1.7400992102070187,3.196010043863897,-1.4753023380792902,0.0562242194817892,1.190238071423809,1.4744195615489712,0.0836594186063987,-1.0117530586199812,0.559924391383622,-0.8255854495022072,0,1,0,1,1,0,1,0,0,0,0,0.6681744959845662,0.7876913799083969,-1.0929527689251528,-0.6317583646445318,-1.1404342707382435,-0.0,0.0,-0.0,-0.0,-0.0,-0.0,,,,,,,,,,,,,,0.0
282649,0.0,UNKNOWN,72.5,203.0,4.78,16.0,35.5,6.92,4.2,120.0,11.0,32.25,74.875,9.085035959866667,0.8489634090599224,1.1092097449795613,0.4381781816483333,1.1561412016566666,3.11244138082,7.744519033887329,0.4778249969822221,0.5947832070073208,1.5049498033016973,26571.24462243264,0.0331927280777649,102.63728827359868,103.4093714618313,948324,0.0280191628836058,0.7653768035328302,3.666166701185015,-0.4640529203116829,-0.7464394914168933,0.033583945161646,-0.6030717293450242,0.5589353766833686,-0.8878064259544557,-1.027531915873005,0.4176577525664838,0,1,1,1,1,1,0,0,0,0,0,0.4882965646249262,0.9576691709137304,-1.0198914892170872,0.0,-0.0,0.0,0.0,-0.0,-0.0,-0.0,-0.0,,,,,,,,,,,,,,0.0
304799,0.0,UNKNOWN,72.125,182.0,4.6,10.0,35.0,7.12,4.37,124.0,8.5,31.75,75.75,10.3240706126,1.0887700313438191,1.3451930266323533,0.69032049179,1.3873955408733334,3.925422668466666,7.572088420090213,0.5591221835970906,0.7407067910267054,2.0619657907450306,37499.92871815371,0.0950159087798761,103.34379770779142,103.34379770779142,394670,0.0950159087798761,0.8093782897979476,3.605373545799839,-0.6000346366648943,-1.1777608732941314,-0.5652241336639156,-1.6120571226722764,0.4422980356812607,-0.3825507363868775,-0.3559373655059541,0.8448317577230896,0,0,0,1,0,1,0,0,0,0,0,0.6435648967021752,0.3692440509464158,-1.4075336283304325,-0.0,-0.0,-0.0,0.0,-0.0,-0.0,-0.0,-0.0,,,,,,,,,,,,,,0.0
259707,0.0,UNKNOWN,76.25,303.0,5.23,21.0,28.5,,4.62,109.0,10.125,36.5,86.5,6.0581150055,0.5197634587321713,0.6757798407403475,0.2646886905033333,0.7749197483066667,2.1350061098733333,5.194399399857027,0.3991788782879233,0.3444095174789605,1.0176797481101258,11561.264596764477,0.0145973511648853,103.1620427230763,104.06139411187476,1042890,0.0110857948554156,0.7691313463312947,4.107649497102257,0.8957642432204311,1.3074718508556693,1.5306041422255456,0.2377494317610195,-1.0739873973461418,,0.631701679151474,-0.7570707616141821,0,0,0,0,1,0,0,0,0,0,0,-0.915529079480162,,1.045071444544201,0.0,,0.0,-0.0,0.0,0.0,0.0,0.0,,,,,,,,,,,,,,0.0
280246,0.0,LB,71.5,224.0,4.67,24.0,32.0,7.01,4.33,120.0,8.5,29.5,71.0,9.380615234366669,0.7622539012950289,1.0587598423593505,0.3414385914798333,0.9899222056066668,3.0760850906366666,7.692014988331046,0.5082774234498323,0.5852695865545166,1.5214738780086732,18897.383255837834,0.0185845458404649,104.86136468725238,105.59890366560415,984024,0.0192041893854599,0.7199497665083472,4.035512426253984,-0.703625411635062,-1.1777038258279808,-0.5198752449100423,1.6951587590520252,-1.3934033994891308,-0.2647846881395648,0.3043710515679329,0.0,1,1,1,0,1,1,0,0,0,0,1,0.0800658711175485,0.5872004891500944,-0.2859541039419532,-0.0,-0.0,-0.0,-0.0,-0.0,0.0,-0.0,-0.5139596126511428,,,,,,,,,,,,,,0.0
305411,0.0,SKILL,69.25,182.0,4.46,14.0,37.0,7.25,4.41,122.0,8.25,30.25,72.0,9.285514195766668,0.7840462503387586,1.214707339438044,0.2319693764051666,1.1744173367833333,3.3734032313,8.737446829209288,0.4440130798050382,0.5813939275038928,1.4162348713437214,35612.268546389336,0.0427215172167903,104.56597667363214,105.2799095897184,1070562,0.0332650220598053,0.6454610298983451,4.302556424244707,-1.3550746830273317,-1.3344270376650382,-0.5340830782982794,-0.8394423879688029,0.8195892136591728,0.907883021985575,0.5462619436601084,0.1729800671018408,1,0,0,1,0,1,0,1,0,0,0,0.7700460774172395,0.1260248282643589,-1.2417160513582002,-0.0,-0.0,-1.0309637505282383,0.9088473996896922,-0.0,-0.0,-0.0,-0.0,,,,,,,,,,,,,,0.0
300724,0.0,SKILL,71.625,220.0,4.53,23.0,33.0,7.19,4.44,122.0,8.875,31.375,76.0,8.418466568,0.5255158497976513,0.8244181222020929,0.2445965806643333,0.5287365118666667,1.9760602315266669,6.049450168750711,0.4098826076046389,0.4550528534828121,0.919338736260898,11333.56600015253,0.0152112068504758,103.10926394366284,103.10926394366284,745080,0.0152112068504758,0.6374384983119398,3.760229557847864,-0.5136884419319302,0.211555505971286,-0.1426085706450902,0.5425664214920315,-0.3946170287988597,0.6061376444160279,0.7895192154462543,0.1729800671018408,1,0,0,0,1,1,0,1,0,0,0,0.3034967134088079,0.1425548390200489,-0.2059286765285527,-0.0,-0.0,-0.7980939420960755,-0.0242513283271708,-0.0,0.0,-0.0,-0.0,,,,,,,,,,,,,,0.0
305518,0.0,UNKNOWN,74.75,241.0,4.56,16.0,35.0,7.11,4.51,117.0,9.5,32.625,79.5,6.889067967733333,0.7014243018161355,0.9975777353924656,0.2881664236386667,0.8278421560933333,3.02028433482,6.709343676462709,0.4462534200746116,0.5654270521858749,1.353456294359577,6826.004414734676,0.0138790704215661,104.09517123757546,104.09517123757546,491820,0.0138790704215661,0.7031274625833365,4.305930557295843,0.3518373778075855,0.0340468186466804,-0.6982925956251511,-0.6030717293450242,0.4422980356812607,-0.4078135208652558,0.1971404995022043,0.0972772486990295,0,0,0,1,1,0,0,0,0,0,0,0.2697876421901451,0.1053365106815257,0.3662757998052622,-0.0,-0.0,-0.0,0.0,0.0,-0.0,0.0,0.0,,,,,,,,,,,,,,0.0
304739,0.0,UNKNOWN,75.125,319.0,5.16,,22.5,8.18,5.09,100.0,9.625,33.125,78.75,5.0744123459,0.533330477395212,0.6456338471532337,0.292899608612,0.64933860302,1.90535815557,4.84992423537207,0.4170093625195351,0.3262322983717279,0.9615540465831268,23457.55977910809,0.0402476876260798,102.10966781985516,102.10966781985516,582830,0.0402476876260798,0.8260571835674412,3.572565672368428,0.4878190941607969,1.6360976656192792,1.2977343337933829,,-2.4736354893714365,2.295304418321283,2.4884630831074377,-1.718212273216545,0,0,0,0,0,0,0,0,0,0,0,-2.0959238812939907,-2.3918837507143604,1.5639987534319235,0.0,0.0,0.0,-0.0,0.0,,0.0,0.0,,,,,,,,,,,,,,0.0
271750,0.0,UNKNOWN,79.125,303.0,4.89,25.0,32.5,7.77,4.43,110.0,9.375,32.375,79.375,4.727106412266667,0.5681353450710859,0.6786149832531401,0.3033895591895,0.8961297671,2.033409277596667,5.154181950258918,0.407937764582932,0.3363640301715405,0.9591137589129634,19560.628871013418,0.0298070630004483,103.11581250837573,103.28609221302156,1000350,0.0195537850462472,0.8371983511881249,3.579093072166182,1.9382907352617187,1.3074718508556693,0.3995222155550417,0.9104063606458545,-0.1408886693292787,1.2595302547077485,-0.1189039947881729,-0.6502772603250306,0,0,0,0,1,0,0,0,0,0,0,-0.3955829648271547,-0.5703131299597878,1.5828888199305964,0.0,0.0,0.0,-0.0,0.0,0.0,0.0,-0.0,,,,,,,,,,,,,,0.0
287519,1.0,DB,72.5,201.0,4.53,14.0,42.5,6.94,4.18,136.0,9.25,32.125,78.5,8.823900222766666,0.7587435864877563,1.0460412163121684,0.3197819590568334,1.10499715805,2.9804083506266665,9.23000260722501,0.4058729761164859,0.5571066130911725,1.3223651760084525,36679.6489545065,0.0487293739212626,103.80354168291984,104.11479628955168,851598,0.0430715536608898,0.7253476963008365,3.928083747531961,0.6383113267907649,1.005007923236987,0.6651330399133066,0.2948839123097942,1.8962801550783508,-0.2759326523508995,-0.8282214955882751,1.459174282841112,0,1,1,1,1,1,1,0,0,0,0,2.1591059619528927,0.971911948221649,-0.7659173338149149,-0.7980939420960755,-0.8372808569976967,-0.0,0.0,-0.0,-0.0,-0.0,-0.0,,,,,,,,,,,,,,0.0
283383,0.0,DL,76.375,256.0,4.7,30.0,35.5,7.21,4.35,122.0,9.25,33.0,79.875,8.333941141766667,0.7260433987167232,0.99317897737432,0.3075577020646666,0.9727905591333332,2.96261024475,6.00230035603359,0.4553918472666667,0.4812497105703421,1.2594926188436746,184164.82223130547,0.4007241878047466,103.77663479332966,103.77663479332966,459580,0.4007241878047466,0.7310297693132544,4.0804864419763245,0.9537995650508448,-1.0377775996856102,-1.1785643486457114,1.2327836435875383,0.711410850674618,-0.3488196078286462,-0.5815069690025371,1.1030318746308374,1,1,1,1,1,1,0,0,0,1,0,0.5950900659140776,0.2950670825800091,0.5821942176231837,-0.0,-0.0,-0.0,0.0,0.0,0.0,0.3421335199875648,-0.0,,,,,,,,,,,,,,0.0
280678,0.0,UNKNOWN,73.625,226.0,4.67,24.0,35.0,7.15,4.27,121.0,10.0,32.75,79.625,8.377148946133333,0.8324030225573203,1.1816744255139262,0.309188524882,1.153395016986667,3.4285351435333333,6.880982288328495,0.4538968565132064,0.5789704236689148,1.4530811233835796,23486.223100061696,0.0494905240645265,105.10926396657688,105.10926396657688,474560,0.0494905240645265,0.7044267055160283,4.118840334096985,-0.0561077712520486,-0.2740398826942039,-0.3323543252317525,0.7422421284246458,0.4422980356812607,-0.3067623829517402,-0.7509929833689275,0.5244512538556353,0,0,0,1,1,1,0,0,0,0,0,0.483374644768448,0.5288776831603339,-0.2287750524935768,-0.0,-0.0,-0.0,0.0,-0.0,0.0,-0.0,-0.0,,,,,,,,,,,,,,0.0
283055,0.0,OL,76.0,306.0,5.2,,29.5,7.45,4.57,113.0,9.375,34.125,82.125,6.012648900333333,0.5689621070261102,0.7571886008639928,0.2656643589336667,0.8729698658,2.47675005595,5.462932406975629,0.4647062609726731,0.4109169381584912,1.3489727361543515,15631.742259585984,0.0215726579134391,104.02533483944386,104.08543195331194,1047402,0.0149243005642398,0.7514139890337677,4.353101947150128,-0.4081462666485831,-0.3044197674249372,0.1608598743860524,,0.4806373098248406,-0.8203963867110136,-0.8904142933113419,0.8577275309869302,1,1,1,1,0,1,0,0,1,0,0,-0.5853047358997512,-0.4426475108098074,1.16672368198978,0.0,0.0,0.0,-0.0,1.369089191123846,,0.0,0.0,,,,,,,,,,,,,,0.0
195223,0.0,UNKNOWN,68.75,197.0,4.6,,,7.26,,,9.25,29.25,72.25,8.6386642456,0.5054248827517991,0.7537337958170224,0.224378168583,0.61410733064,1.93919436137,6.793437042362228,0.390985280897254,0.4382772643605014,1.0050487512046546,6701.328572424006,0.0108075485798535,103.68679483987886,103.68679483987886,620060,0.0108075485798535,0.6705615239183156,3.8367607681125735,-1.823870083843797,-0.869674171953247,-0.5652241336639156,,,-0.0288717536895739,,,0,0,0,0,0,0,0,0,0,0,0,,,-0.9721648724653488,-0.0,-0.0,-0.0,,-0.0,,-0.0,,,,,,,,,,,,,,,0.0
310208,0.0,SKILL,71.375,207.0,4.37,16.0,38.0,6.95,4.25,119.0,9.25,31.875,76.5,7.749984105433334,0.4815107454053517,0.6172966859865034,0.2873885830236666,0.7848846117666667,2.61647939682,6.315755493620053,0.3010785460419382,0.3208544606825129,1.222163211465227,8716.608840875731,0.0086577378609942,90.03632251020863,104.08239022986275,571142,0.0152617192237232,0.7800313144980654,5.433896173214911,-0.6022554146788145,-0.3173332589569301,-1.0374074452809483,-0.5323293191997286,1.123140774273681,-0.6008438658621693,-0.7511101725326599,-0.2751955612983814,1,1,1,1,1,1,0,1,0,0,0,0.7264931664856201,0.8210110897304193,-0.3657038335936366,-0.0,-0.0,-1.3303677899410178,1.142122081693908,-0.0,-0.0,-0.0,-0.0,,,,,,,,,,,,,,0.0
325034,0.0,UNKNOWN,71.5,205.0,,,,,,,8.625,30.5,74.0,4.640761375433333,0.6029111725470342,0.6602059001545542,0.3609103759133333,0.9117454687766666,1.7477580706266669,4.554097618797441,0.4330653687031167,0.4295217498847848,1.2718469535404031,13774.168598684377,0.0276173806489912,101.35953987391822,101.35953987391822,498750,0.0276173806489912,0.9132168803791252,2.898864957574361,-0.8266708305869133,-0.705361264571442,,,,,,,0,0,0,0,0,0,0,0,0,0,0,,,,,,,,-0.0,,-0.0,,,,,,,,,,,,,,,0.0
279277,0.0,UNKNOWN,75.125,217.0,4.9,,33.0,6.95,4.39,115.0,9.75,31.375,75.0,7.154191335033333,0.4878115906041392,0.7132311306584556,0.2192149559656666,0.6535684267666667,1.91985098521,5.436711046791394,0.3742500222301734,0.4005774237047905,1.1180212619849448,7534.44925057836,0.0071575496478657,104.03326432761548,104.73370364769484,1054560,0.0071446378115786,0.6839460164249858,3.935640362362701,0.4878190941607969,-0.4588919034987345,0.4327893310453528,,-0.0242513283271708,-0.8120180725193183,-0.2769262419333615,-0.1163097538792733,0,1,0,0,0,0,0,0,0,0,0,-0.0702805411032221,0.54447215722634,-0.7772855246019309,0.0,-0.0,0.0,-0.0,-0.0,,-0.0,-0.0,,,,,,,,,,,,,,0.0
304268,1.0,DB,72.25,194.0,4.36,13.0,35.0,6.9,4.38,123.0,9.125,31.625,76.625,8.339330673233333,0.9571280385992184,1.2023037852600067,0.5021280050266667,1.26256918907,3.5370585123666665,6.45711533411967,0.5415624117094346,0.6652074951578376,1.840601001653671,33273.6361641125,0.0797183357629854,103.33724140428664,103.33724140428664,417390,0.0797183357629854,0.7960783708189297,3.6954914804744856,0.4269499603037593,0.2670650425384999,-1.1202240672224069,0.0,-0.8226509496295772,-0.5212061211072602,0.804891312613959,-0.2879949242449556,1,1,0,1,1,1,1,0,0,0,0,0.5901681460575994,0.6273818993154351,-0.7492880231325821,-1.363634905431326,-0.9383319949112124,-0.0,0.0,-0.0,-0.0,-0.0,-0.0,,,,,,,,,,,,,,0.0
260934,0.0,DB,71.25,180.0,4.48,12.0,39.0,6.78,4.16,128.0,9.25,31.875,74.5,9.432690302533333,0.8831748331557223,1.145962198163347,0.43984301885,1.2432697614033332,3.3281472524000004,8.358471258278618,0.4847075549921321,0.6143652228156725,1.6140341128505862,50462.40449946803,0.0559418344418346,103.30796854384948,103.76672952074682,927390,0.0544133584570332,0.7706840893802619,3.768390048556986,-0.4184955056442627,-1.2088207188584743,0.1400280084028043,-0.2948839123097942,0.6274456395479844,-1.257026527376342,-0.9915327764084948,0.3839932323266088,1,1,1,1,1,1,1,0,0,0,0,1.3237012632889096,1.2135197858349764,-1.3256428385367631,-0.9644295195476192,-1.2414854086517593,-0.0,0.0,-0.0,-0.0,-0.0,-0.0,,,,,,,,,,,,,,0.0
281183,0.0,DB,72.875,190.0,4.43,11.0,41.5,7.07,4.25,136.0,8.75,32.0,77.875,10.146471023566669,0.7848113809181179,1.0016638411775132,0.4238145550083333,1.1244715054833334,2.7575464248666663,6.973476416235719,0.4295428429738543,0.5546142405362824,1.4404622602593595,29907.94736447324,0.0297531204689236,103.31507202354824,103.52709387112914,935814,0.031959286102231,0.7835077484633239,3.513642248205841,0.9553533765212732,-0.1546166035749213,-0.3850770231077073,-0.5897678246195885,1.5337560077839605,0.521206121107271,-0.2566320127174913,1.459174282841112,1,0,0,1,0,1,1,0,0,0,0,2.042468620950785,0.6694343828601458,-0.963713018514018,-1.130765096999166,-0.5088646587787715,-0.0,0.0,-0.0,-0.0,-0.0,-0.0,,,,,,,,,,,,,,0.0
279920,0.0,UNKNOWN,73.625,248.0,4.89,28.0,32.5,7.31,4.57,112.0,9.875,32.0,77.5,7.440721511833334,0.7004624707896898,0.9992409139351396,0.2858145435649999,0.8906674385066666,3.01411628723,6.598238425443393,0.4360988686363637,0.5201135590878097,1.2700241549457425,12816.947473585871,0.0268935907373072,103.4737856008956,103.4737856008956,476580,0.0268935907373072,0.7009945860114738,4.303037511534251,-0.0561077712520486,0.1778206126057598,0.3995222155550417,1.4148990573094806,-0.1408886693292787,0.09744216870232,0.434173870219989,-0.4366902577467277,0,0,0,0,1,0,0,0,0,0,0,-0.2887894635380032,-0.2658080194611545,0.0812079033134703,0.0,0.0,0.0,-0.0,0.0,0.0,0.0,0.0,,,,,,,,,,,,,,0.0
306122,0.0,UNKNOWN,72.375,202.0,4.63,14.0,36.0,7.19,4.46,119.0,9.25,32.0,76.375,9.455864588433334,0.7709647426671744,1.1662260182168342,0.288493235906,0.9240948359166666,2.923592885336667,7.329808460400087,0.4528328068740889,0.6171076437375687,1.3789213543122132,11800.191810135348,0.0188498455458145,103.07311596303308,103.07311596303308,626010,0.0188498455458145,0.6610766100433805,3.7921226789469182,-0.5093801590960867,-0.7669786048396189,-0.4654227871929881,-0.9394001937874416,0.6755727176854764,-0.2057112450382246,-0.0003873094292805,0.3108642512773323,0,0,0,1,0,1,0,0,0,0,0,0.4932184844814044,0.1030492772337526,-0.8650309338370655,-0.0,-0.0,-0.0,0.0,-0.0,-0.0,-0.0,-0.0,,,,,,,,,,,,,,0.0
305860,0.0,DB,71.5,183.0,4.23,6.0,40.0,7.44,4.58,133.0,9.875,31.75,76.75,9.481431325266668,0.7808866558245413,1.0674937876477415,0.3053581913313333,1.233077526093333,3.1869262059533336,7.090606874373726,0.4149708030810113,0.5460805751381552,1.4617219002348587,45067.63314669625,0.0416748841344472,106.21041022916074,106.6265553433544,881124,0.0511478896803358,0.7315140049154302,4.081163613416144,-0.2071341391572572,-0.8925594842734085,-2.4854971491497166,-2.06418738616856,0.9899697868423748,2.789985707103605,2.438004120816193,1.0559813888981733,1,0,0,1,0,1,1,0,0,0,0,1.707322357513896,-0.4497688994637664,-0.9139098569051516,-1.7961074068053409,0.4258583669212474,-0.0,0.0,-0.0,-0.0,-0.0,0.0,,,,,,,,,,,,,,0.0
316470,0.0,UNKNOWN,76.5,241.0,4.77,14.0,32.5,7.25,4.46,114.0,9.625,34.0,79.375,9.2693010966,0.7538294635931688,1.112629455223053,0.2988142669198333,1.0674444039666666,3.18808968862,6.042033551326802,0.4570386251835086,0.5295910565004436,1.4423076503854957,39168.47219465037,0.067276010120621,103.17461193780156,103.39716110632015,904590,0.0432996962100513,0.6775206786540142,4.2291922014082575,0.9864187207892388,0.0340468186466804,0.0003168296713349,-0.9394001937874416,-0.1408886693292787,-0.0541345381679523,-0.0003873094292805,-0.2231032551684248,0,0,0,0,0,0,0,0,0,0,0,-0.1819959622488517,0.0272609237986164,0.0556218019325727,0.0,-0.0,0.0,-0.0,0.0,-0.0,0.0,-0.0,,,,,,,,,,,,,,0.0
300802,1.0,OL,76.25,304.0,4.94,,33.0,7.32,4.47,118.0,10.375,33.25,80.375,5.554644266766666,0.5035066267598841,0.6710255262070972,0.2346050540606666,0.6162036259966667,1.9082274436966669,5.313392656514834,0.4104822328637408,0.3826747628491502,1.083273685383887,15392.933856747866,0.0258119122272958,102.3564672699152,102.3564672699152,596350,0.0258119122272958,0.7503539091961279,3.789875529496608,-0.2612136106550929,-0.5653509966463142,-1.3447885498674028,,1.5247804311684603,-1.1576344270981491,-1.4929502812663886,1.517517939438415,1,1,1,1,0,1,0,0,1,0,0,0.089909710830505,-0.0809116027688581,1.5261819881142842,0.0,0.0,0.0,-0.0,1.3280109642783948,,0.0,0.0,,,,,,,,,,,,,,0.0
305931,0.0,DL,72.625,328.0,5.22,23.0,28.5,7.6,4.71,95.0,10.125,33.0,82.875,6.531678517666666,0.5765232570725995,0.7851840272701238,0.2744280695915,0.8547519048066667,2.6378324826566666,5.789555933588805,0.4323469080393154,0.4087880249769799,1.193674056780692,9935.251475105226,0.012626839254761,103.97751285402694,104.281882097274,946812,0.0104933729981297,0.7342524007741442,4.575413828144133,-2.3060217332241755,1.018735808865692,0.9530998645569674,-0.0835785521076293,-0.6165560705846689,0.847133333298135,0.5887306580584675,-1.2277224343717157,0,0,0,0,0,0,0,0,0,1,0,-1.663083588504222,-0.9086573269017276,1.6993200884917157,0.0,0.0,0.0,-0.0,0.0,0.0,1.8209496864238095,0.0,,,,,,,,,,,,,,0.0
304482,1.0,SKILL,79.125,252.0,4.61,24.0,37.5,6.95,4.33,129.0,9.5,34.5,82.75,8.486845016466667,0.7311401012413957,1.0298501616026745,0.2884054780005,1.06477713585,3.0718606313066665,6.95237350893962,0.4627463314061818,0.5143967871244687,1.4497027653646113,30244.96340678933,0.030703235080559,103.46764312076444,103.47129318425353,1077726,0.0280636853957214,0.7099480375898375,4.201466485138736,2.1433207404746,1.5134355427176642,0.3047908666728389,0.6961229558765687,0.971364993966427,-0.6008438658621693,-0.1024241144362757,1.2187232000356931,0,1,0,1,1,1,0,1,0,0,0,1.202142002430323,0.6629888425852306,0.6083212994046713,-0.0,-0.0,-0.5319570181736044,1.0254847406918002,0.0,0.0,0.0,-0.0,974.0,6.0,12.0,0.0,0.0,0.0,2.0,0.0,0.0,4.0,243.5,1.5,0.5,1.4465
280676,1.0,DB,72.75,203.0,4.55,15.0,33.5,7.09,4.22,121.0,9.375,31.625,76.25,9.175752639766666,0.6683264378645354,1.0597211274505165,0.272598127524,0.7129271030433334,3.086905797323333,7.755517711921097,0.479912278698812,0.6254812720966143,1.5527997490284524,8792.911452881033,0.0175875816639284,103.92635117942768,103.92635117942768,499950,0.0175875816639284,0.6306625588114859,4.618859321481795,0.8496726932777704,1.2158487462936978,0.8751750525175038,0.5897678246195885,-1.3664371705711629,0.6438428554854486,-0.5015989339478283,-0.5567901868735814,0,0,0,0,1,1,1,0,0,0,0,0.3084186332652862,0.7034299410612136,-0.7332702218111744,-0.7315597111154593,-0.4583390898220148,-0.0,0.0,-0.0,-0.0,-0.0,-0.0,,,,,,,,,,,,,,0.0
305363,0.0,UNKNOWN,78.25,311.0,5.1,,30.5,7.84,4.68,106.0,9.875,34.0,81.0,5.320901234933333,0.4446934742473993,0.6411598809883443,0.2378597656886666,0.4854621092466666,1.58301035563,3.687905007640384,0.4021964519434226,0.3312399134915515,1.0064543115181162,4328.054715700689,0.0059252706802758,105.9672793577222,105.9672793577222,730440,0.0059252706802758,0.6935765749440013,3.559778695446547,1.621000063770892,1.471784758237474,1.0981316408515278,,-0.6074380333377103,1.4363697460564016,0.8687350498692552,-1.0774512654816364,0,0,0,0,0,0,0,0,0,0,0,-0.8424446494096733,-1.1525523979628285,1.451672423259346,0.0,0.0,0.0,-0.0,0.0,,0.0,0.0,,,,,,,,,,,,,,0.0
280844,1.0,OL,78.125,315.0,5.27,25.0,25.0,8.31,4.93,104.0,10.5,33.875,81.125,6.9094543457,0.58080838842068,0.8270583966829397,0.2356228133043333,0.7783107757566667,2.379923025766667,4.903353272438733,0.4506716583469796,0.4319129906541724,1.2658755036671856,22895.04046365994,0.03141492313022,103.39405651021292,103.48257296513792,1065804,0.0214814735764361,0.7022580155767867,4.097604430676518,0.8407813092960842,0.8697707640712588,0.5662267578389026,1.3887301496588271,-0.861832417616956,1.4105629573885017,1.2787152633268108,-0.3298952042257423,0,0,0,0,1,1,0,0,1,0,0,-1.590743526210418,-2.240047355533447,1.2903757802473026,0.0,0.0,0.0,-0.0,1.5539412119283766,0.9104063606458545,0.0,0.0,,,,,,,,,,,,,,0.0
282781,0.0,DL,75.875,298.0,5.0,17.0,34.0,7.91,4.9,110.0,9.25,33.5,81.625,6.619443257633333,0.5571952928766767,0.8306758480872755,0.2207238574823333,0.7965776920333334,2.7792228062933333,5.627614269767764,0.4005896979505963,0.4472847449855637,1.199778758399807,15042.62605639496,0.024051184031987,104.34099629439778,104.50292367137271,956976,0.0157189167297768,0.6707734360637564,4.98787919033705,0.519156725280842,0.1618552219693159,0.0512419282019882,-1.2118890055606302,0.4268465104047707,1.7977625941937838,1.206356072340665,0.0671410706297026,0,0,0,1,0,1,0,0,0,1,0,-0.2206269533239928,-1.6755333232864245,1.2673720077046415,0.0,0.0,0.0,0.0,0.0,-0.0,1.204776283742041,0.0,,,,,,,,,,,,,,0.0
332464,1.0,DB,72.5,211.0,4.47,18.0,36.0,6.94,4.27,129.0,9.0,32.125,75.0,9.794994354233332,0.834705288182388,1.1063509056501657,0.3738958636913333,1.24870912234,3.22876326243,7.919629873771052,0.4749891402919254,0.5842106456333973,1.4454078395702663,20305.62508242905,0.0238065608769292,103.91431614017142,104.04796992394152,837912,0.0242336010015718,0.7544670356570636,3.8681476062776494,0.6383113267907649,2.05921203852054,0.0350070021006964,1.4744195615489712,-0.4601268023351868,-0.2759326523508995,-0.0933207318972715,0.5183908636409217,1,1,0,1,1,1,1,0,0,0,0,1.0271859909271617,0.7941369201833122,-0.3877123487454949,-0.9976966350379304,-0.8372808569976967,-0.0,0.0,-0.0,-0.0,-0.0,-0.0,,,,,,,,,,,,,,0.0
305067,0.0,UNKNOWN,72.75,213.0,4.55,17.0,34.0,7.33,4.18,122.0,9.625,32.375,78.875,8.617588678999999,0.9706135153537052,1.2573824328702412,0.4652322133366666,1.3120066324866666,3.643248558033333,6.939236899695289,0.5573790690821937,0.6895870343297954,1.83871257525902,41676.01792735493,0.1122193384871423,103.0871595937033,103.0871595937033,371380,0.1122193384871423,0.7719318243838311,3.753552264008689,-0.3733984427428752,-0.5410483571896371,-0.7315597111154593,-0.4349074971238154,0.2090233536770449,0.1479677376590789,-1.106543039445601,0.6312447551447867,1,0,1,1,1,1,0,0,0,0,0,0.4201340544109158,0.4792876508932611,-0.439834869872803,-0.0,0.0,-0.0,0.0,-0.0,-0.0,-0.0,-0.0,,,,,,,,,,,,,,0.0
304601,0.0,LB,72.25,244.0,4.74,22.0,39.0,7.41,4.48,125.0,9.0,34.25,82.0,8.327379862466666,1.0152634517457455,0.5423973418348369,0.8219349483649999,1.3762823740633332,2.96459166209,7.1639040254114335,0.367260618092784,0.3526373831624037,1.4769454452923754,10039.32366835776,0.0184578833232159,59.51390014701606,102.98422132553034,452594,0.022181742728268,1.8718075724915684,2.9200220464869333,-0.1970151152578196,1.4394157871230877,0.2079500979640095,0.6780635036208097,1.3159920995175114,1.1474003152714287,1.2555305877177247,1.2309149097933272,0,0,0,1,1,1,0,0,0,0,1,1.1635110113551823,-0.2143469138147128,0.18281761320655,-0.0,0.0,-0.0,0.0,0.0,0.0,0.0,0.0786238141433155,,,,,,,,,,,,,,0.0
305335,0.0,UNKNOWN,72.125,201.0,4.49,14.0,32.0,6.94,4.37,114.0,9.25,31.0,74.5,9.312665303533334,0.8266696533486961,1.073646145864095,0.3764304320016667,1.1657927831,3.0872138341266666,7.799075206177449,0.4604730480052716,0.6075852137020761,1.5482841924219062,24247.779161581413,0.0265497168490065,104.71355278245451,104.9414067886477,870864,0.0278433591945256,0.7699647193194864,3.734519371336417,-0.6000346366648943,-0.7875177182623445,-0.9311624040573112,-0.9394001937874416,-0.2575260103313866,-0.8372808569976967,-0.3559373655059541,-0.2231032551684248,1,1,0,0,0,0,0,0,0,0,0,-0.2403146327499057,0.5966091112518255,-0.7131414716113936,-0.0,-0.0,-0.0,-0.0,-0.0,-0.0,-0.0,-0.0,,,,,,,,,,,,,,0.0
280328,0.0,UNKNOWN,74.375,210.0,4.82,18.0,29.0,6.87,4.31,110.0,9.0,32.75,76.875,8.423035939533333,0.7240090395970109,1.0480174726622695,0.27287342151,1.205660263696667,2.9046805699666667,7.372953080338696,0.3951968310621719,0.5486824802929149,1.38787277845081,47507.39555391407,0.047015285667677,102.9208273407904,103.25836483367924,1046820,0.0453825830170555,0.690836802327176,4.011939645924082,0.2158556614543741,-0.6026656974578138,0.1666524071228816,-0.2667432649026067,-0.957350056344034,-1.0141203483463497,-0.5929707362237389,-0.6502772603250306,0,1,0,0,1,0,0,0,0,0,0,-0.8038136583345323,0.8035455422850443,-0.873047725556093,0.0,-0.0,0.0,-0.0,-0.0,-0.0,-0.0,-0.0,,,,,,,,,,,,,,0.0
282443,0.0,SKILL,71.25,203.0,4.38,15.0,31.0,7.4,4.41,121.0,9.0,32.125,75.625,9.716724395766668,0.6731306306539717,1.0966279404669614,0.2120318859815,0.95661441485,2.886863072713333,7.2713957055575715,0.388984363440754,0.5328945716598401,1.1431922375304122,48784.48239501498,0.06772126407252,103.80934337830966,104.16859333836705,1038144,0.0469920188288088,0.6138186032058804,4.28871149409534,-0.6465389010522568,-0.4800682635502274,-0.9814825156162084,-0.6858858535842657,-1.001720150027876,1.6622464659094494,0.5462619436601084,0.0235881909684334,1,0,0,0,1,1,0,1,0,0,0,0.0168252807600164,-0.0634460553234831,-0.5020726420076771,-0.0,0.0,-1.2971006744507096,-0.4908006923356024,-0.0,-0.0,-0.0,-0.0,,,,,,,,,,,,,,0.0
304478,1.0,SKILL,74.125,228.0,4.61,31.0,35.5,6.75,4.25,123.0,8.75,32.0,76.25,8.265452702833334,0.5063102306156438,0.7524572857295653,0.2273325125376666,0.5360662142433333,1.90229209264,5.530996137357592,0.4332659098626943,0.4149255818028151,1.0076593492884809,25236.92547447245,0.0477257994184316,105.30192483592316,105.30192483592316,528790,0.0477257994184316,0.6728757103132267,3.757167004756991,0.3719812855369132,0.5370255151578806,0.3047908666728389,1.7710186965683288,0.3642618727374106,-1.6066617910940002,-0.7511101725326599,0.3223719432352483,0,1,1,1,1,1,0,1,0,0,0,0.6484868165586534,1.073638934514208,-0.086757668744356,-0.0,-0.0,-0.5319570181736044,0.5589353766833686,-0.0,0.0,-0.0,-0.0,,,,,,,,,,,,,,0.0
283816,0.0,UNKNOWN,74.0,245.0,4.74,25.0,36.5,,4.5,123.0,9.5,34.375,83.125,9.6632378896,0.5621963037899985,0.8416701316424599,0.2616696953773333,0.64723801613,2.33744239807,6.539413082622331,0.3993963291866437,0.4839873942664053,1.0175581198241173,7333.992680133713,0.0094954641830496,104.63168363732962,104.63168363732962,772368,0.0094954641830496,0.6679532546710576,4.157697911409824,0.0798739451011627,0.1162032723375829,-0.0994845167995895,0.9104063606458545,0.7922100586875843,,0.157634937715908,0.7380382564339382,0,0,0,1,1,1,0,0,0,0,0,0.7651241575607612,,0.2109849307449383,-0.0,,-0.0,0.0,0.0,0.0,0.0,0.0,,,,,,,,,,,,,,0.0
281628,0.0,UNKNOWN,73.125,209.0,4.53,13.0,38.0,7.15,4.47,119.0,9.75,30.875,74.625,9.114575068166667,0.74533706900738,1.0948328317262286,0.2601546843846666,1.03015534083,3.0887289047233337,7.731442994286287,0.4321393409297027,0.5992053862981362,1.4510690723799249,23967.97566652032,0.0324938391609188,104.35895717111818,104.35895717111818,737616,0.0324938391609188,0.6807770532714141,4.144069888858232,-0.2374167263896638,-0.6232048108805395,-0.7980939420960755,-1.1075644260086503,1.142122081693908,-0.3067623829517402,0.0391182523570157,0.3108642512773323,1,0,0,1,0,1,0,0,0,0,0,0.7264931664856201,0.1338220652973622,-0.5301326360101305,-0.0,-0.0,-0.0,0.0,-0.0,-0.0,-0.0,0.0,,,,,,,,,,,,,,0.0
280085,0.0,UNKNOWN,74.375,270.0,4.81,,29.5,7.29,4.7,115.0,9.5,33.0,79.5,8.7933324178,0.6418881587744267,0.8382094670668894,0.3558670381705,0.91098801295,2.52198712031,5.770713133354037,0.4561572565442038,0.4679013577520474,1.1975138371716385,13977.818629657271,0.0179840727142189,104.05227399296967,105.03870406024984,1037970,0.0134664957847117,0.7657849069881764,3.92901331148606,0.2158556614543741,0.6296811079057236,0.1333852916325705,,-0.840712715341926,0.0469165997455633,0.9477461734418512,-0.1163097538792733,0,0,0,0,0,0,0,0,0,0,0,-0.4785112346105997,-0.4973313865937073,0.8044896360496422,0.0,0.0,0.0,-0.0,0.0,,0.0,0.0,,,,,,,,,,,,,,0.0
311473,1.0,LB,73.5,239.0,4.73,20.0,34.5,6.81,4.05,114.0,9.625,30.5,74.125,8.897956848133333,0.7211419998028542,0.9703071419114562,0.3314994672933333,1.0032951831833332,2.9182243347166668,7.129906291464789,0.4485585215574604,0.5007942759804216,1.3211169353443997,18366.86912628477,0.0187720344550906,104.39001958281293,104.44357915342287,970368,0.0189277357933122,0.7432100297460872,4.046670885227114,0.6473353787042508,0.7851358838853205,0.1039750489820047,-0.3390317518104058,-0.4257621498439015,-0.9708771898450616,-1.4711267492450093,-1.4770978917519928,0,1,1,1,1,0,0,0,0,0,1,0.0512787197553639,1.3929061989420437,0.0562135601693132,-0.0,-0.0,-0.0,0.0,-0.0,0.0,-0.0,-1.6201153426674633,,,,,,,,,,,,,,0.0
280117,0.0,DB,71.625,192.0,4.48,11.0,37.0,6.95,4.29,119.0,9.125,31.25,75.375,9.0018672943,0.8137214519744693,1.074538862514944,0.4135551055266667,1.1451880931866667,3.07106781006,7.747755022399659,0.426818254586035,0.5719922962241446,1.462793117416112,35524.66790383592,0.0376488614844855,105.14958616424462,105.89355543369368,866736,0.0409867224897038,0.7572750324450482,3.7741020623312207,-0.1014534559137544,0.0562242194817892,0.1400280084028043,-0.5897678246195885,-0.0976026550407964,-0.2146142851618107,0.0699905489229554,-0.8255854495022072,1,1,0,1,0,0,1,0,0,0,0,0.6098558254835122,0.7419999661578249,-0.9680185033618728,-0.9644295195476192,-0.8120180725193183,-0.0,0.0,-0.0,-0.0,-0.0,-0.0,,,,,,,,,,,,,,0.0
282108,0.0,UNKNOWN,79.125,306.0,5.1,23.0,30.0,7.64,4.71,112.0,10.25,34.375,86.25,5.366874694833334,0.5504432034053561,0.6705072034640341,0.2924574017525,0.7978630065933333,1.98180850347,4.799133466700244,0.4125606500634882,0.3331926910904134,1.0370085545501333,26011.56222436872,0.0360951480529315,103.8460718374658,104.16909520033695,1030554,0.025240368019889,0.8209355552954649,3.600386908602741,1.9382907352617187,1.369089191123846,1.0981316408515278,0.574077896203437,-0.7240753743398182,0.9311140564888234,0.9872517352281476,-0.4366902577467277,0,0,0,0,1,0,0,0,0,0,0,-0.5803828160432729,-0.9591828958584856,1.320777241757426,0.0,0.0,0.0,-0.0,0.0,0.0,0.0,0.0,,,,,,,,,,,,,,0.0
285512,0.0,UNKNOWN,71.375,197.0,4.5,19.0,38.5,7.14,4.4,123.0,9.375,30.375,73.25,8.701707839966668,0.6836045243385866,1.0932738553367574,0.2018117904663333,0.8542811870566666,2.9328511556,6.814646352515016,0.3854430687946106,0.5777737843962586,1.1688871026065235,10950.83329022212,0.0179407154282051,102.47871781451909,102.47871781451909,610390,0.0179407154282051,0.6252820562767581,4.290274641522662,-0.8719980693713171,-0.869674171953247,-0.897895288567003,-0.0985790326813979,1.258759422696016,-0.3320251674301208,-0.2374206801470617,0.7380382564339382,1,0,0,1,1,1,0,0,0,0,0,0.998398839564977,0.2847229237885913,-0.8451016948276876,-0.0,-0.0,-0.0,0.0,-0.0,-0.0,-0.0,-0.0,,,,,,,,,,,,,,0.0
264587,0.0,DL,75.0,258.0,4.92,25.0,32.0,6.9,4.4,111.0,9.75,32.0,78.0,7.692177454633334,0.6820248265101022,0.8840485190614508,0.3767690559226667,1.0088180700933334,2.7880853017166665,6.7046428618609,0.4793053295210773,0.508339961470354,1.317344159394649,16576.53515778404,0.0210974756491788,105.1674682751806,105.83810835939124,1028370,0.0161192325308828,0.7714789537051351,4.087952803687813,-0.2414682443166626,-0.980652227225852,-0.2767064122907321,0.2925249323767042,0.0474273900449745,-1.2994488687242924,-0.418973965244062,0.1534653042964638,0,1,1,1,1,1,0,0,0,1,0,-0.4005048846836329,0.587876337529137,0.3112880614913932,0.0,-0.0,0.0,-0.0,0.0,0.0,0.3832117468330161,-0.0,,,,,,,,,,,,,,0.0
286524,1.0,SKILL,74.0,224.0,4.45,22.0,37.0,6.88,4.16,135.0,10.125,32.625,79.5,9.3449274699,0.7572830690813406,1.204381955174886,0.2017930597066666,1.25855477651,3.3375082016,8.348225867754705,0.4191063436393891,0.6279802117871295,1.644144010034365,22505.07710090724,0.0229032298400309,103.8635895064471,103.977452742361,1088562,0.0206741344093466,0.6287731776680239,4.407213547833214,0.3276977991634711,0.3742905105645833,-0.5900080079630193,0.3890098871074944,0.8195892136591728,-0.9528801396933112,-1.4808819878910902,2.1150744568361377,1,1,1,1,1,1,0,1,0,0,0,1.4642038357967238,1.0872058634430823,0.0306508011564721,-0.0,-0.0,-1.0642308660185469,0.9088473996896922,-0.0,0.0,-0.0,-0.0,,,,,,,,,,,,,,0.0
285362,0.0,DB,73.5,199.0,4.59,,,,,,9.125,31.25,76.25,8.060242335,0.9086389912991316,1.147207525567448,0.4943480491633333,1.2278927962,3.3764209747333336,6.794403475681349,0.4614861569270254,0.6027637315079274,1.5074729058432408,21198.13216145676,0.0458179487343983,103.68755602143744,103.68755602143744,462660,0.0458179487343983,0.7920441341680423,3.7159102867750335,1.483756792738787,0.7941671001802765,1.2952590777259076,,,,,,0,0,0,0,0,0,1,0,0,0,0,,,-0.9015320619640708,-0.5984912491542237,,-0.0,,-0.0,,-0.0,,,,,,,,,,,,,,,0.0
311703,1.0,SKILL,72.625,212.0,4.84,,27.0,7.26,4.52,,9.25,29.0,71.75,8.347265243533334,0.4888110514069457,0.6582786415666524,0.2472866177558333,0.7207130591066666,1.7789956728633334,6.017276224285452,0.3916026391489915,0.3816555053674836,1.0711431074780655,16553.519682046484,0.0218759422989101,103.45739258693943,104.00442616143482,1092546,0.0151513251451622,0.7425594885527702,3.639434230758177,-0.1594205509443928,-0.1139145032153085,1.5910642489618814,,-2.2159263924859087,0.9581739182471656,1.4382052735426312,,0,0,0,0,0,0,0,1,0,0,0,,-0.1038871537994633,-0.8419140545949689,0.0,-0.0,0.233186638103498,-1.4238994203524655,-0.0,,-0.0,0.0,,,,,,,,,,,,,,0.0
278258,0.0,UNKNOWN,77.0,306.0,5.15,25.0,27.5,7.7,4.58,109.0,10.0,31.25,78.5,4.5929511388,0.506340447129171,0.6241878894016778,0.2676913340886667,0.61046910286,1.8318452835066663,4.131719513079633,0.403927557357585,0.3528750660579662,0.9804514936894404,19538.562355797167,0.0346674278846649,104.26905447765331,104.26905447765331,563600,0.0346674278846649,0.8111987683941277,3.617813457117223,1.167727675926854,1.369089191123846,1.2644672183030743,0.9104063606458545,-1.3072620793503575,1.082690763359098,0.4736794320062853,-0.7570707616141821,0,0,0,0,1,0,0,0,0,0,0,-1.0321664204822698,-0.7781850976826916,1.2430026290591962,0.0,0.0,0.0,-0.0,0.0,0.0,0.0,0.0,,,,,,,,,,,,,,0.0
300766,0.0,UNKNOWN,74.875,235.0,4.72,22.0,36.0,7.27,4.47,113.0,8.75,30.875,75.75,7.721277236933333,0.6921354839798055,1.0488341266424837,0.2709711988766666,0.81209897995,2.978304545083333,6.911081466587744,0.4783761211730208,0.5888492267348867,1.5357897399717135,24320.781954984424,0.0513432454875222,103.3023857887946,103.3023857887946,473690,0.0513432454875222,0.6599093854768647,4.303065821676947,0.3971646165919894,-0.0891878618896732,-0.1660187477802087,0.4059136639822283,0.6755727176854764,-0.0036089692111956,0.0391182523570157,-0.3298967564575762,0,0,0,1,1,0,0,0,0,0,0,0.1728379806139501,-0.01775464157291,-0.0426402801409699,-0.0,-0.0,-0.0,0.0,-0.0,0.0,-0.0,0.0,,,,,,,,,,,,,,0.0
289423,0.0,SKILL,76.5,258.0,4.71,27.0,30.5,7.09,4.26,111.0,9.5,31.75,77.375,7.626086552933334,0.957485014469512,0.5260749221926886,0.7206037243211667,1.165845394133333,2.8664662043266667,6.013324319753329,0.2980459038783046,0.3249979586854071,1.2633444100323457,10018.060108568732,0.0127532515897074,51.85098013498795,102.218865024209,615240,0.0162831742223664,1.8200544714785096,2.993745239882227,1.2133675266323145,1.7575380496076105,0.8640401633202478,1.1567925590301802,-1.15349593033513,0.1032286818001102,-0.6700244152706136,-1.470330570365641,0,1,0,0,1,0,0,1,0,0,0,-0.5754608961867947,0.6244188174886193,0.6234477525331805,-0.0,-0.0,-0.1992858632705169,-0.6074380333377103,0.0,0.0,0.0,-0.0,,,,,,,,,,,,,,0.0
283341,0.0,UNKNOWN,72.625,236.0,4.67,31.0,34.0,7.13,4.32,122.0,9.75,30.125,74.0,8.607534408566666,0.6120134527846324,0.9564828089875124,0.2481039166449999,1.0546789964033334,2.9711567560833334,6.901300538544083,0.3981108596041041,0.4903078335201144,1.4258802473051149,14697.199693911196,0.0187458164670352,104.23854372093916,104.35951482401404,1000902,0.0146839547667116,0.6398582881301139,4.85472458581541,-0.418725681527279,-0.0686487484669476,-0.3323543252317525,1.919391753973107,0.2090233536770449,-0.3572879519084992,-0.553465174437439,0.6312447551447867,0,0,0,1,1,1,0,0,0,0,0,0.4201340544109158,0.4553765631729691,0.0571202047483051,-0.0,-0.0,-0.0,0.0,-0.0,0.0,-0.0,-0.0,,,,,,,,,,,,,,0.0
300685,1.0,SKILL,70.25,222.0,4.37,27.0,33.0,7.09,4.27,118.0,9.125,30.5,74.125,8.757193883266668,0.6883429090552463,1.056003293961748,0.2647617459296666,0.8692371845233334,2.9648742675766666,6.450492146670767,0.4446442877975625,0.5996494036244345,1.57094711281732,13566.841419895887,0.0234736684543841,103.82995706131528,103.82995706131528,577960,0.0234736684543841,0.6518378427332637,4.3072634708273085,-1.000806792039794,0.2929230082679346,-1.0374074452809483,1.1567925590301802,-0.3946170287988597,0.1032286818001102,-0.5889386580085674,-0.4245874374317889,1,1,0,0,1,1,0,1,0,0,0,0.089909710830505,0.6046660365954711,0.0925790673169781,-0.0,-0.0,-1.3303677899410178,-0.0242513283271708,-0.0,0.0,-0.0,-0.0,,,,,,,,,,,,,,0.0
271745,0.0,UNKNOWN,72.875,190.0,4.72,19.0,33.0,7.06,4.28,123.0,9.375,31.125,76.25,8.782773971566668,0.7948854363602531,1.0622574484805227,0.3672049244249999,1.1363278230033331,3.10631465912,9.774967323627964,0.4669413104110821,0.5617403872521028,1.4235108734926063,28173.819486019453,0.0273926925009219,104.60358580558388,105.5308799423222,934224,0.0301574563338337,0.7482982938809,3.90787718208008,-0.3280712039584714,-1.0134479659123263,-0.1660187477802087,-0.0985790326813979,-0.0242513283271708,-0.5341274432571521,-0.7114874215826277,0.7380382564339382,0,1,0,0,1,1,0,0,0,0,0,0.3568934640533836,0.6228074324198899,-1.3155404561871884,-0.0,-0.0,-0.0,-0.0,-0.0,-0.0,-0.0,-0.0,,,,,,,,,,,,,,0.0
310484,0.0,UNKNOWN,70.5,179.0,4.62,14.0,,,,,8.625,32.25,74.625,9.187950770066667,0.8248882959624642,1.2126658295479351,0.3277893662453333,1.0805690288533334,3.289036432903333,7.233705909045166,0.4567071619263332,0.6446833126167376,1.5818923693979494,14019.990095630566,0.0220256548719315,103.01259302224652,103.01259302224652,636530,0.0220256548719315,0.6802272117042919,3.987250696854351,-1.1892887408621438,-1.2393782135623082,-0.4986899026832962,-0.9394001937874416,,,,,0,0,0,0,0,0,0,0,0,0,0,,,-1.5170982907010973,-0.0,,-0.0,,-0.0,-0.0,-0.0,,,,,,,,,,,,,,,0.0
305826,1.0,DB,69.675,183.0,4.38,11.0,36.0,7.02,4.4,117.0,8.75,30.75,72.75,9.3352915446,1.0714412146756078,1.3288098808615498,0.62504418691,1.4331855773933333,3.7648976644,7.189268229562652,0.5426878089432463,0.7168887734225386,1.990599386403648,30952.80809861509,0.0741047381996578,101.92578937772112,101.92578937772112,417690,0.0741047381996578,0.8063164114801179,3.5138630219109777,-1.7500721145124,-0.8925594842734085,-0.9101820546182096,-0.5897678246195885,-0.4601268023351868,0.2146142851618162,0.968202593434186,-1.094380712130833,1,0,0,1,0,0,1,0,0,0,0,0.386424983192253,0.4362996306588647,-1.111721432564568,-1.2971006744507096,-0.6351785811706677,-0.0,0.0,-0.0,-0.0,-0.0,-0.0,,,,,,,,,,,,,,0.0
279802,0.0,OL,73.875,297.0,5.13,23.0,27.0,8.32,4.75,,9.75,33.25,79.75,6.1963787079,0.5140780318749856,0.7007995385904742,0.2421889901161666,0.7491007645933333,2.092527548473333,4.787593989684538,0.3878670475088859,0.3398141223559222,1.0026385106010964,44107.80941603949,0.0332371767637469,103.91994158014008,104.60364056080302,1029996,0.0428232822419111,0.7335593184164424,4.070447322639529,-1.6570738425932503,-1.4786102989211332,-0.2445070090668028,0.4629100498862757,-0.2651792054206019,1.4365043451105883,0.1941504850077344,,1,0,0,1,0,0,0,0,1,0,0,,-1.8971286916959629,1.0396970625322486,0.0,0.0,0.0,-0.0,1.1842371703193155,0.574077896203437,0.0,0.0,,,,,,,,,,,,,,0.0
287953,0.0,OL,76.625,310.0,5.22,22.0,25.5,7.83,4.71,99.0,10.25,35.0,85.75,4.394614219666667,0.47427992124905,0.6147733829550298,0.2511873642603333,0.52222351233,1.8203682899466669,5.177878244347747,0.4033945920821817,0.3435214118050738,0.9454795846344388,14740.038008065128,0.0259571690347359,104.22417273382511,104.22417273382511,567860,0.0259571690347359,0.771471137818833,3.838172792878511,-0.0408146266648574,0.2174426910178165,0.2766789839440082,0.0,-0.7126691145678674,0.1653763467283063,-0.0468639101742831,-0.9896856126772272,0,0,0,0,0,0,0,0,1,0,0,-1.7994086089322427,-1.1991793484030857,1.238930139760822,0.0,0.0,0.0,-0.0,1.4512456448147486,0.4059136639822283,0.0,0.0,,,,,,,,,,,,,,0.0
305264,0.0,UNKNOWN,73.375,226.0,4.77,23.0,33.5,7.28,4.31,110.0,,,,8.196973800666667,1.618145407564748,0.7018500333488769,1.3810469806193333,2.9089050292966667,3.14875984192,6.894349618408645,0.4496638293816827,0.4215988093491074,1.4209134444860965,11927.7366100556,0.1156537145695506,66.23358725229386,103.94569340195504,436340,0.0273358770913865,2.3055429659862927,1.9459066083923648,-0.1467622488208562,-0.2740398826942039,0.0003168296713349,0.574077896203437,0.092386012674937,0.0216538152671849,-0.5929707362237389,-0.6502772603250306,0,0,0,0,1,0,0,0,0,0,0,-0.2789456238250468,0.2856584604782769,-0.3642306670358521,0.0,0.0,0.0,0.0,-0.0,0.0,-0.0,-0.0,,,,,,,,,,,,,,0.0
304854,0.0,UNKNOWN,72.25,235.0,4.72,18.0,29.5,7.95,4.95,114.0,10.375,32.375,80.0,7.6482887268,0.6671953527767824,0.9614654738580036,0.2895875573156666,0.7866895198833334,2.91006787618,7.122550733420688,0.4561608973232408,0.5383067096835208,1.3485170229084935,11017.593456569162,0.0244829969479992,103.54991246395058,103.54991246395058,450010,0.0244829969479992,0.6939358416060178,4.361642904238866,-0.5547073978804905,-0.0891878618896732,-0.1660187477802087,-0.2667432649026067,-0.840712715341926,1.71426037531857,1.93538521809928,-0.2231032551684248,0,0,0,0,1,0,0,0,0,0,0,-0.5319079852551755,-1.8248227967089248,-0.0426402801409699,-0.0,0.0,-0.0,-0.0,-0.0,-0.0,-0.0,0.0,,,,,,,,,,,,,,0.0
280152,0.0,SKILL,67.5,198.0,4.57,19.0,36.5,6.91,4.34,119.0,8.5,28.0,69.75,8.2494061788,0.5900261145813064,0.909121094155062,0.2274956504503333,0.6761918067933333,2.54076941808,6.516059684724046,0.4044638231813615,0.5144650646433714,1.1814698456955457,13449.56745081212,0.0222955497825278,105.104082781598,105.104082781598,603240,0.0222955497825278,0.6490071766838468,4.306198243247213,-1.9750434922555216,-0.6834870192918491,0.0810911480138743,-0.071659716046117,0.6678134333519188,-0.8020074509085354,-0.0213383571742295,-0.2751955612983814,0,1,0,1,1,1,0,1,0,0,0,0.5515371549824584,0.6937616306488402,-0.905414681011782,-0.0,-0.0,-0.66502548013484,0.7922100586875843,-0.0,-0.0,-0.0,-0.0,,,,,,,,,,,,,,0.0
300886,0.0,UNKNOWN,76.625,309.0,5.27,26.0,31.0,7.46,4.53,113.0,9.75,32.5,78.0,6.530981063833334,0.6019883248714574,0.7208101135356243,0.3363693058483333,0.9862528642033334,1.9229420026133333,5.029037478287695,0.4067692790400644,0.3664192307632434,1.0441264490024305,10711.613340748529,0.0125661730462751,102.81559271047054,103.37394710695682,1054476,0.0101582334171176,0.8351552143444024,3.1943177685778865,1.031745959573643,1.4307065313920229,1.6636726041867782,1.0785705928670632,-0.4908006923356024,0.4763839358780041,0.2761516230748004,-0.3298967564575762,0,0,0,0,1,0,0,0,0,0,0,-0.4103487243965893,-0.3762677794764023,1.1383684726966847,0.0,0.0,0.0,-0.0,0.0,0.0,0.0,0.0,,,,,,,,,,,,,,0.0
281203,0.0,OL,77.0,322.0,5.06,24.0,28.5,,4.99,109.0,9.25,34.375,83.125,5.261816660566667,0.4880666077422332,0.6876128648399829,0.2082249820233333,0.7581562201166667,1.9411104520166669,4.643107485824413,0.3822275231890564,0.3422166952756313,1.0275850492202736,8773.078529834165,0.010607511873801,102.76584617023548,103.39325656564198,1035708,0.0084706099883694,0.7097985402815481,3.977142507241228,0.1795843573253779,1.783030066346078,-0.6498738925196581,0.9258200997725514,0.1823107037266636,,1.64023685609984,0.3298952042257423,1,0,0,1,0,1,0,0,1,0,0,-0.915529079480162,,1.806279369510004,0.0,,0.0,-0.0,1.6977150058874562,0.7422421284246458,0.0,0.0,,,,,,,,,,,,,,0.0
282706,0.0,UNKNOWN,73.0,210.0,4.75,,,,4.36,,9.375,31.75,71.125,8.9827257792,0.5486960431535723,0.7470144652572847,0.2863293290136666,0.70380306244,1.8192361195866664,5.815652892422077,0.3970942882281594,0.394897980501717,0.9777305666195228,5993.92303617569,0.0096243084124274,102.84280784967736,102.84280784967736,622790,0.0096243084124274,0.7345186320650323,3.3155626731528804,-0.2827439651740677,-0.6026656974578138,-0.0662174013092813,,,,-0.3954429272922504,,0,0,0,0,0,0,0,0,0,0,0,,,-0.7873241024314015,-0.0,,-0.0,,-0.0,,-0.0,-0.0,,,,,,,,,,,,,,0.0
339671,0.0,UNKNOWN,79.125,339.0,5.44,,26.0,8.25,5.02,96.0,9.875,36.5,88.375,5.423963546766667,0.5242241216908725,0.6805683605573644,0.2350483735403333,0.6757751305899999,2.075017293293333,4.588018756170729,0.3910886350879591,0.3764716211423757,1.0434740224991736,11938.167168270902,0.0210873247633421,104.67227227263464,104.67227227263464,566130,0.0210873247633421,0.7702740122411057,3.958263665167512,1.9382907352617187,2.046879934073792,2.229213567522032,,-1.6571741023566813,2.472143909669936,2.2119241506033567,-2.1453862783731505,0,0,0,0,0,0,0,0,0,0,0,-1.901280190364916,-2.3420340301366465,1.6300171080557118,0.0,0.0,0.0,-0.0,0.0,,0.0,0.0,,,,,,,,,,,,,,0.0
310508,0.0,DL,74.625,354.0,5.43,26.0,20.5,,5.03,86.0,11.0,33.25,80.875,5.398585001633333,0.6114542265914136,0.8181282265558488,0.2641442020733333,0.79401286443,2.5980510711666667,4.995006415934983,0.4037325324710467,0.415953211570899,1.0575238669950144,4116.866525093733,0.0100772685606778,102.08170564237324,102.08170564237324,408530,0.0100772685606778,0.7473818977808769,4.24897066400154,-0.5674503741441647,1.761365650842551,1.8139642583503568,0.480576674618871,-2.1342325520238536,,1.6289418821126938,-2.004640537372566,0,0,0,0,1,0,0,0,0,1,0,-3.0767530723222665,,2.014160114818428,0.0,,0.0,-0.0,0.0,0.0,2.354966635414676,0.0,,,,,,,,,,,,,,0.0
300652,0.0,DL,75.375,301.0,4.94,31.0,,7.33,4.41,110.0,10.625,33.25,80.75,8.1537507375,0.7311206085311984,1.0019819131456946,0.322640101115,0.8387969334933333,3.16827360789,6.371144413113192,0.4678209441645223,0.5024570577721948,1.305838602342538,160713.70965166128,0.3864517990036821,102.6740855773034,102.6740855773034,415870,0.3864517990036821,0.7296744571325299,4.333448641606446,0.0845138855108393,0.2475432806589535,-0.1947193271675502,1.4208353858297051,,0.0191659125180563,-0.3864673644923682,0.0671410706297026,0,1,1,0,1,1,0,0,0,1,0,,0.0249736903508432,1.4451011671839444,0.0,0.0,0.0,,0.0,0.0,1.266393624010218,-0.0,,,,,,,,,,,,,,0.0
304293,1.0,SKILL,77.75,256.0,4.94,22.0,32.0,7.33,4.5,117.0,9.25,33.5,79.625,8.318783442166668,0.753467455890114,1.036873625192042,0.3407542804881667,1.0846725304933331,3.08450349172,6.560612909951159,0.443787746722845,0.5080861091047053,1.3288988387579157,26699.03317516003,0.0256941043577825,102.68372418053004,103.38020477052312,1054302,0.025323895027383,0.7266724098132618,4.0937448161926255,1.6562023903667362,1.6761705473109616,2.150313545609295,0.3890098871074944,-0.6981685894133679,1.3102101920783074,1.2760337590185389,-0.5739793135651964,0,0,0,0,1,0,0,1,0,0,0,-0.0801243808161785,-0.1528013376874935,0.2288888532288531,0.0,0.0,0.5658577930065884,-0.2575260103313866,0.0,0.0,0.0,0.0,,,,,,,,,,,,,,0.0
385199,0.0,UNKNOWN,67.375,183.0,4.62,12.0,40.0,6.8,4.14,119.0,9.0,30.125,72.0,9.653816858933334,0.7575353671993605,1.1276648050856923,0.274471004804,1.13839507103,3.33043638865,7.123202501194118,0.463574066428403,0.5329719277522473,1.2643648682260993,28038.8777877698,0.0301229033188055,103.8641322505146,104.21798235961116,1059498,0.0264643045930901,0.6717735303814814,4.396410428945067,-2.3224697104722387,-1.157221759871406,-0.4986899026832962,-1.275728658229859,1.6086714457023394,-1.1909598396950023,-1.2645652865907897,0.3108642512773323,0,1,1,1,0,1,0,0,0,0,0,0.959767848489836,1.227762563142896,-1.4015025459981028,-0.0,-0.0,-0.0,0.0,-0.0,-0.0,-0.0,-0.0,,,,,,,,,,,,,,0.0
300608,0.0,UNKNOWN,77.5,308.0,5.12,24.0,29.0,7.52,4.49,108.0,9.625,32.875,81.25,4.875874519333333,0.5132762220438578,0.6796930187262384,0.2378387451171666,0.8210114638,2.08575709661,3.91803021542344,0.3623578542071527,0.344213235816556,1.0214682667751378,9576.987640837684,0.0123467646709236,102.22115833560837,102.54981479126728,1044588,0.0091681961125703,0.7551588848238432,4.063615275814937,1.3490366310644692,1.4101674179692971,1.164665871832147,0.7422421284246458,-0.957350056344034,0.6279606427482765,0.1181293759296117,-0.8638642629033335,0,0,0,0,1,0,0,0,0,0,0,-0.9106071596236838,-0.3730450093389441,1.3416386613092934,0.0,0.0,0.0,-0.0,0.0,0.0,0.0,0.0,,,,,,,,,,,,,,0.0
281435,1.0,SKILL,,,,,,,,,,,,7.961484909066667,0.7601987941882353,1.0093483252379216,0.2751130859056667,1.232905626296667,2.700609207153333,6.865018763785046,0.3994475406936977,0.5275319393259297,1.196984287657791,14408.050652002885,0.0261588820639497,101.9057374106706,101.9057374106706,550790,0.0261588820639497,0.7531580279870607,3.552503934233585,,,,,,,,,0,0,0,0,0,0,0,1,0,0,0,,,,,,,,,,,,,,,,,,,,,,,,,0.0
283380,0.0,OL,75.5,302.0,5.49,20.0,28.0,7.75,4.62,94.0,10.625,33.25,81.125,6.465613683066667,0.3880209760558365,0.5376063024029333,0.1942851493754999,0.655225118,1.89990901947,3.954894133058796,0.3434220616760574,0.2810871368449804,1.0740074453127184,63387.83266136366,2.972946779662833,107.06596675651024,110.626861232743,633266,0.1000966934295598,0.7217567471242491,4.896408020984416,-0.7020115786355637,-0.826282225867691,1.8402369629764463,-0.9258200997725514,0.0331474006775751,-0.0421547550483928,-0.5891462993338213,-1.6494760211287118,0,1,1,1,0,0,0,0,1,0,0,-1.7747990096498516,-0.920353182451233,0.6544277822645872,0.0,0.0,0.0,-0.0,1.2869327374329436,0.0695851995398108,0.0,0.0,,,,,,,,,,,,,,0.0
280434,0.0,UNKNOWN,75.0,300.0,5.24,36.0,32.0,7.78,4.7,106.0,9.875,33.25,79.0,5.295970598866666,0.5519373373999956,0.7336546989527877,0.2524316708246666,0.8759393692,2.2821674346933336,4.237969625278679,0.4017304563495067,0.368842487759965,1.1517659429841274,16466.11245399135,0.0226499166601738,103.79216693159498,104.6068799866492,1063512,0.0154827707200213,0.7523121411037457,4.134830677416954,0.4424918553763932,1.2458545105874923,1.5638712577158538,2.7602129150791503,-0.2575260103313866,1.284793039186129,0.9477461734418512,-1.0774512654816364,0,0,0,0,1,0,0,0,0,0,0,-0.6674886379065115,-1.11626960631399,0.9538710536085294,0.0,0.0,0.0,-0.0,0.0,0.0,0.0,0.0,,,,,,,,,,,,,,0.0
282907,0.0,SKILL,72.875,191.0,4.48,7.0,34.5,6.77,4.22,124.0,9.375,32.25,76.75,9.519874572766666,0.7611183782111727,1.1083039715561744,0.3067933122316666,0.9986050128933334,2.881267547606667,7.135021834666463,0.4665054571175939,0.607404853230634,1.2863646662026846,27190.32980515935,0.0441989820949305,104.32053735531667,104.32053735531667,615180,0.0441989820949305,0.6867415418014636,3.785570852169408,-0.0708535781975084,-0.9682732773301194,-0.4222332189687947,-1.914338128660563,0.0607103121229024,-1.506079998570819,-0.9943674443188056,0.4717638193686558,1,1,1,1,0,1,0,1,0,0,0,0.5852462262011212,1.107634492715276,-0.9978205312931132,-0.0,-0.0,-0.9644295195476192,0.3256606946791527,-0.0,-0.0,-0.0,-0.0,,,,,,,,,,,,,,0.0
277795,1.0,DB,73.0,196.0,4.4,,,7.07,4.34,131.0,9.875,32.0,78.0,8.2638683319,0.975529521958914,1.2817868245886692,0.5319712956733333,1.2971899509433331,3.5819110870333333,8.030228130899665,0.5011076355425056,0.7261710791080402,1.9298924694235364,25347.4205533174,0.0714031960148663,103.35796433137698,103.35796433137698,354990,0.0714031960148663,0.7610700182317489,3.6717608297908497,1.0610340597647758,0.4779058655952105,-0.700140042014003,,,0.521206121107271,0.4782687509735122,0.7871861262695475,1,0,0,0,0,1,1,0,0,0,0,,0.491659354821809,-0.7426068011910332,-1.2305664434700905,-0.5088646587787715,-0.0,,-0.0,,-0.0,-0.0,,,,,,,,,,,,,,0.0
317591,0.0,UNKNOWN,66.625,177.0,,,,,,,9.0,28.375,70.125,5.995574951166667,0.722069027818169,0.8999722390350203,0.4039635757605,1.2318015098566668,3.016947428386666,3.572593162290328,0.410631411118463,0.3801474691445948,1.2408335829600086,60241.569816048446,0.1531061416386995,103.63997172539884,105.106050349064,488682,0.1232735599347805,0.8023236678860172,4.178198083779869,-2.5944331431786614,-1.2804564404077594,,,,,,,0,0,0,0,0,0,0,0,0,0,0,,,,,,,,-0.0,,-0.0,,,,,,,,,,,,,,,0.0
285545,0.0,DL,76.25,247.0,4.71,15.0,34.0,7.17,4.6,114.0,10.375,33.5,81.25,8.318333943699999,0.695448699340937,1.034093174090361,0.266179005305,0.8715737660733334,2.915572484333333,6.80189234117695,0.4596034534887631,0.5698210977998113,1.3468293289236182,7227.407185874099,0.0144006678605923,101.90197656362515,101.90197656362515,501880,0.0144006678605923,0.6725203461019726,4.192361689793027,0.8451388551083441,-1.294841775754523,-1.137570806084122,-1.5879924900449638,0.4268465104047707,-0.4714814479442137,0.2311580497898264,0.4124380052967475,1,1,0,1,0,1,0,0,0,1,0,-0.0070399507456899,-0.1482268707919471,0.3116337532865675,-0.0,-0.0,-0.0,0.0,0.0,-0.0,0.1572814991830342,0.0,,,,,,,,,,,,,,0.0
